facilityname,countrycode,floodrisk,latitude,longitude
Panasonic Industrial Devices Materials Europe GmbH,AT,9.31,48.231083,14.496667
Panasonic Industrial Devices Materials Europe GmbH,AT,9.31,48.231083,14.496667
Imerys Villach GmbH,AT,2.18,46.620528,13.876833
Imerys Fused Minerals Villach GmbH,AT,2.18,46.62053,13.876833
Imerys Fused Minerals Villach GmbH,AT,2.18,46.62053,13.876833
WIENERBERGER,BE,0.08,51.101906,5.793782
WIENERBERGER SAS,FR,0.54,44.01012,4.93042
Sandtoft Roof Tiles Ltd,GB,1.78,53.7366,-0.698748
WIENERBERGER,BE,3.85,51.08122,4.41163
WIENERBERGER,BE,0.08,51.10233,5.79576
Wienerberger Téglaipari Zrt.,HU,0.31,47.01521,20.58838
WIENERBERGER Zrt.,HU,0.08,47.608042,17.23978
WIENERBERGER Zrt.,HU,0.83,47.930796,21.387469
Wienerberger Ltd,GB,1.78,53.7366,-0.698748
voestalpine Wire Austria GmbH,AT,30,47.410778,15.27775
voestalpine Giesserei Linz GmbH,AT,1.68,48.275056,14.343444
voestalpine Stahl GmbH,AT,3.41,48.281944,14.343056
voestalpine Stahl GmbH,AT,3.12,48.284,14.34
voestalpine Automotive Components Bunschoten B.V.,NL,0.39,52.22797,5.37257
Kemira Chemie GesmbH,AT,8.2,48.408,15.632
Kemira Oyj. Harjavallan tehtaat,FI,1.66,61.3255,22.11592
Evonik Degussa GmbH,DE,5.94,47.56448795,7.795392902
AGRANA Zucker GmbH,AT,0.78,48.243056,16.702778
AGRANA Zucker GmbH,AT,4.57,48.324778,16.038472
AGRANA Stärke GmbH,AT,8.8,48.362417,14.014972
AGRANA Zucker GmbH,AT,0.78,48.243057,16.702778
AGRANA Zucker GmbH,AT,4.57,48.32478,16.038471
Trans Austria Gasleitung GmbH,AT,5.26,48.316222,16.875083
Trans Austria Gasleitung GmbH,AT,5.26,48.316222,16.875083
Gas Connect Austria GmbH,AT,1.36,48.416778,15.852111
OMV Downstream GmbH,AT,0.54,48.144722,16.493889
VERBUND Thermal Power GmbH & Co KG in Liqu.,AT,10.27,46.90889,15.483611
VERBUND Thermal Power GmbH & Co KG in Liqu.,AT,2.05,48.32611,15.923333
VERBUND Thermal Power GmbH & Co KG,AT,2.05,48.326111,15.923333
VERBUND Thermal Power GmbH & Co KG,AT,10.27,46.911667,15.488333
VERBUND Thermal Power GmbH & Co KG,AT,4.04,48.33139,16.339167
MM Frohnleiten GmbH,AT,11.79,47.278056,15.328056
EVN Wärmekraftwerke GmbH,AT,2.05,48.325528,15.923806
EVN Wärmekraftwerke GmbH,AT,4.04,48.330528,16.337944
EVN Wärmekraftwerke GmbH,AT,6.01,48.394833,15.708278
EVN Wärmekraftwerke GmbH,AT,0.8,48.327389,15.932417
EVN AG,AT,4.04,48.33053,16.337944
EVN AG,AT,6.01,48.394833,15.708278
Sandoz GmbH,AT,1.34,47.467306,11.979528
Sandoz GmbH,AT,1.34,47.467304,11.979528
Sandoz GmbH,AT,1.34,47.467306,11.979528
Sandoz GmbH,AT,1.34,47.467304,11.979528
ARCELORMITTAL LIEGE sa (COKE-FONTE),BE,8.44,50.6045,5.5494
LIBERTY LIEGE DUDELANGE - Tilleur DLC,BE,10.44,50.6134,5.5326
RECTICEL,BE,1.54,51.010033,3.8622432
RECTICEL,BE,1.54,51.00971,3.86256
DERICHEBOURG BELGIUM - Liège,BE,8.06,50.656055,5.6355886
Kimberly-Clark GmbH,DE,15.66,50.39333619,7.582076965
Bayer AG. Division Crop Science,DE,1.24,50.0885745,8.545063051
BMW Werk Dingolfing 02.10,DE,5.42,48.63890314,12.4922234
BMW Werk 4.1 (Landshut),DE,1.12,48.56013077,12.15000588
BMW Werk 4.1 (Ergolding),DE,0.76,48.56132887,12.1515986
BMW Werk 02.10,DE,5.42,48.63890858,12.49224618
Airbus Operations GmbH,DE,0.42,53.54162014,9.837115529
Airbus Operations GmbH,DE,0.42,53.54162014,9.837115529
ArcelorMittal Hochfeld GmbH,DE,1.44,51.4133078,6.748545926
thyssenkrupp Steel Europe AG Werk Hüttenheim,DE,0.12,51.36414505,6.713031318
thyssenkrupp Steel Europe AG Werk Kokerei Schwelgern,DE,2.42,51.500991,6.728865416
HeidelbergCement AG. Zementwerk Burglengenfeld,DE,2.89,49.21282917,12.02828278
BASF SE,DE,2.2,49.52470699,8.446008598
Wacker Chemie AG,DE,2.78,51.02145001,6.95158235
Südzucker Werk Regensburg,DE,0.82,49.01247103,12.12606701
Südzucker Werk Regensburg,DE,0.25,49.00397835,12.15329154
Südzucker AG. Werk Plattling,DE,0.28,48.7876196,12.88275016
Südzucker AG. Werk Ochsenfurt,DE,0.89,49.66662752,10.08015813
Derichebourg Umwelt GmbH,DE,0.65,49.01327115,8.33514638
Veolia Keskkonnateenused AS. Tähe 108 jäätmejaam,EE,2.02,58.349944,26.732801
BASF ESPAÑOLA (CASTELLBISBAL),ES,2.11,41.444969,1.989991
MICHELIN ESPAÑA PORTUGAL S.A.,ES,2.19,41.676667,-4.7125
RECOBAT. S.L.,ES,0.73,41.495464,-0.526772
FÁBRICA DE MENGÍBAR (SMURFIT KAPPA ESPAÑA. S.A.),ES,1.32,37.978635,-3.799581
FÁBRICA DE MENGÍBAR (SMURFIT KAPPA ESPAÑA. S.A.),ES,1.32,37.978635,-3.799581
ENAGAS TRANSPORTE (TIVISSA),ES,24.28,41.058282,0.666433
ARKEMA,FR,6.46,49.28,2.5
ARKEMA Usine de Villers saint Paul,FR,5.3,49.29,2.51
WIENERBERGER SAS,FR,6.06,47.6713,-0.24707
ARKEMA FRANCE,FR,1.24,45.7049,4.83002
Arkema B.V. Location Brummen,NL,1.67,52.10302,6.15398
AIR LIQUIDE FRANCE INDUSTRIE,FR,2.04,45.3443,4.77
AIR LIQUIDE FRANCE INDUSTRIE,FR,6.25,45.6892,4.84497
ARCELORMITTAL ATLANTIQUE -  LORRAINE,FR,1.46,49.25369,2.42745
ARCELORMITTAL FRANCE,FR,8.85,47.1991,-1.65396
FAURECIA AUTOMOTIVE INDUSTRIE,FR,2.12,49.6003,5.07798
STEP - VILLEFRANCHE SUR SAONE,FR,0.73,45.9861,4.73946
STEP - ROSNY-SUR-SEINE,FR,10.57,49.00044,1.65004
SUEZ RR IWS CHEMICAL FRANCE  EX SITA,FR,3.28,48.7479,7.92556
SAFRAN AIRCRAFT ENGINES (EX SNECMA),FR,0.05,46.84563,0.5466
SAFRAN AIRCRAFT ENGINES (EX SNECMA),FR,0.05,46.84563,0.5466
EDF  TAC ARRIGHI,FR,3.03,48.78744,2.41659
EDF TAC GENNEVILLIERS,FR,3.93,48.93773,2.25804
EDF TAC,FR,3.47,48.8724,2.65534
SAFRAN TRANSMISSION SYSTEMS,FR,4.36,48.93347,2.2481
SAFRAN TRANSMISSION SYSTEMS,FR,4.36,48.93347,2.2481
SUEZ RR IWS CHEMICALS FRANCE,FR,7.16,48.94803,2.29565
DAIKIN CHEMICAL FRANCE,FR,5.23,45.7098,4.82239
DAIKIN CHEMICAL FRANCE,FR,5.23,45.7098,4.82239
SCHNEIDER ELECTRIC ALPES (EX MGA),FR,4.32,45.47622,6.02914
SUEZ RV CENTRE EST - PONT DU CHÂTEAU,FR,0.26,45.80873,3.26691
SUEZ RV YONNE METAUX,FR,2.11,47.97341,3.3848
SUEZ ORGANIQUE SAS,FR,1.56,44.26123,4.70727
PCAS,FR,3.16,48.93413,2.32489
PCAS,FR,6.23,43.891,4.68764
COLGATE PALMOLIVE,FR,5.46,49.4294,2.83859
SUEZ RR IWS MINERALS FRANCE,FR,6.16,48.94617,2.28235
SUEZ RR IWS MINERALS FRANCE,FR,10.13,45.6271,4.81397
CTSDU DE BELLEGARDE,FR,2.34,43.7471,4.50295
PRYSMIAN,FR,0.22,48.16,3.28
SANOFI CHIMIE,FR,2.03,48.77822,2.41411
SANOFI PASTEUR,FR,1.58,49.2414,1.1752
EXXONMOBIL CHEMICAL FRANCE,FR,0.02,49.4962,0.5298
EXXONMOBIL CHEMICAL FRANCE,FR,0.02,49.4962,0.5298
KIMBERLY CLARK SNC,FR,5.32,49.4055,1.114
PRYSMIAN CABLES ET SYSTEMES FRANCE,FR,8.32,49.3951,1.12451
BASF AGRI-PRODUCTION SAS,FR,4.15,49.30798,1.00322
IMERYS ALUMINATES EX KERNEOS,FR,5.29,44.5106,4.6889
ST MICROELECTRONICS,FR,0.26,45.2671,5.88449
CATERPILLAR FRANCE S.A.,FR,0.4,45.1454,5.70687
RUBIS TERMINAL,FR,0.66,48.5913,7.79767
SANOFI PASTEUR NVL,FR,7.55,45.8811,4.82778
SUEZ EAU INDUSTRIELLE (EX ONDEO IS),FR,4.92,49.2913,2.50699
GIVAUDAN LAVIROTTE (GROUPE ISALTIS),FR,0.05,45.7331,4.86177
LYONDELL CHIMIE SAS,FR,0.01,43.4201,4.86021
SUEZ RV MEDITERRANEE,FR,0.12,43.98071,4.93248
BASF (EX COGNIS FRANCE SIDOBRE SINNOVA),FR,6.79,48.9485,2.92738
Smurfit Kappa Parenco B.V.,NL,1.35,51.96997,5.72846
Smurfit Kappa Parenco B.V.,NL,1.35,51.96997,5.72846
Infineon Technologies AG,DE,1.52,49.0212496,12.05596288
Boliden Harjavalta Oy. Harjavallan tehtaat,FI,0.54,61.31992,22.12348
Boliden Harjavalta Oy. Porin kuparielektrolyysi,FI,0.7,61.45935,21.86804
Stora Enso Oyj. Heinolan Flutingtehdas,FI,3.73,61.17867,26.08156
Stora Enso Oyj. Varkauden tehtaat,FI,2.89,62.3164,27.89859
Stora Enso Oyj. Stora Enso Oyj:n Heinolan Flutingtehtaan kaatopaikka,FI,3.73,61.18159,26.08652
UPM-Kymmene Oyj. Kymi,FI,3.42,60.91123,26.66421
UPM-Kymmene Oyj. Kaukaan Tuosan teollisuuskaatopaikka,FI,2.82,61.09441,28.25129
Solvay Chemicals Finland Oy. Voikkaan vetyperoksiditehdas,FI,3.7,60.93232,26.605
IMERYS GRAPHITE & CARBON BELGIUM,BE,2.85,51.06962,4.34987
Veolia Environmental Services BE,BE,0.01,51.27037,4.39585
Unilever Deutschland Produktions GmbH & Co OHG,DE,2.46,49.44101303,8.511289015
Evonik Operations GmbH,DE,0.17,49.83227076,9.150967613
Evonik Operations GmbH,DE,1.44,51.49859333,6.758018056
Evonik Operations GmbH Werk Nord,DE,3.73,47.56803327,7.805000014
Evonik Superabsorber GmbH,DE,2.05,48.7537665,8.012984354
Solvay Fluor GmbH,DE,17.08,49.22964598,9.176024928
Procter & Gamble Manufacturing GmbH ,DE,0.46,49.92984564,8.494797004
Mercedes Benz AG  Werk Rastatt. PKW-Werk,DE,1.06,48.85928437,8.183242651
Mercedes Benz AG  Werk Rastatt. PKW-Werk,DE,1.06,48.85928437,8.183242651
Imerys Fused Minerals Laufenburg GmbH,DE,29.41,47.55679788,8.038403332
Danone GmbH Werk Rosenheim,DE,1.89,47.85579649,12.13539671
Mondi Inncoat GmbH,DE,2.3,47.79528198,12.12443242
Knorr-Bremse Systeme für Nutzfahrzeuge GmbH. Standort Aldersbach,DE,2.2,48.59209592,13.09185499
Siemens AG. SI EP MF RBG. Gerätewerk Regensburg,DE,0.3,49.00810024,12.14444038
Koenig & Bauer Gießerei GmbH,DE,7.5,49.80813625,9.880927817
Gerresheimer Lohr GmbH,DE,30,49.98394287,9.578945126
Airbus Helicopters Deutschland GmbH,DE,0.39,48.71098142,10.77105998
ArcelorMittal Bremen GmbH,DE,4.55,53.12493943,8.686728464
ArcelorMittal Bremen GmbH / BREMA Walzwerk GmbH,DE,4.55,53.12493943,8.686728464
Mercedes Benz AG Werk Bremen,DE,0.28,53.06403584,8.907791298
Mercedes Benz AG Werk Bremen,DE,0.28,53.06403584,8.907791298
BASF Lampertheim GmbH ,DE,2.46,49.61833176,8.440128512
Merck KGaA ,DE,1.5,49.76762049,8.481876287
Daikin Refrigerants Frankfurt GmbH,DE,0.13,50.0947259,8.540377106
Daikin Refrigerants Frankfurt GmbH,DE,0.13,50.0947259,8.540377106
Sanofi-Aventis Deutschland GmbH,DE,0.13,50.09530815,8.537519383
K+S Minerals and Agriculture GmbH,DE,0.47,51.61435914,6.550873471
Aurubis AG,DE,1.88,53.51798533,10.03496985
Mercedes-Benz Mercedes-Benz. Werk Hamburg,DE,4.84,53.47572801,9.926479113
Mercedes-Benz Mercedes-Benz. Werk Hamburg,DE,4.84,53.47572801,9.926479113
ArcelorMittal Hamburg GmbH,DE,2.46,53.52295487,9.898396682
BASF Catalysts Germany GmbH Adsorbentien,DE,4.49,52.65619507,9.205522569
Smurfit Kappa Hoya Papier und Karton GmbH,DE,3.23,52.81137987,9.150202248
Smurfit Kappa Hoya Papier und Karton GmbH,DE,3.23,52.81137987,9.150202248
Honeywell Specialty Chemicals Seelze GmbH,DE,3.44,52.40072053,9.583180181
thyssenkrupp Steel Europe AG Werk Ruhrort,DE,3.38,51.46030211,6.731030496
Salzgitter Mannesmann Grobblech GmbH,DE,0.45,51.4383997,6.875234774
Evonik Functional Solutions GmbH,DE,2.08,50.82397749,7.029616524
SOLVAY Chemicals GmbH,DE,6.67,51.80109989,11.75058789
SOLVAY Chemicals GmbH,DE,6.67,51.80109989,11.75058789
Ford-Werke GmbH,DE,0.1,50.97922039,6.91375037
LANXESS Deutschland GmbH,DE,2.37,51.01501038,6.982577165
Evonik Operations GmbH Standort Bonn,DE,2.17,50.7415793,7.126967568
Evonik Operations GmbH - Werk Wesseling,DE,6.44,50.8340999,6.976286462
ThyssenKrupp Rasselstein GmbH,DE,19.66,50.43314265,7.429374239
Kandelium GmbH,DE,10.87,50.51113507,7.314684267
Michelin Reifenwerke AG & Co. KGaA,DE,4.09,49.85795052,7.888132327
Daimler Truck AG  Mercedes-Benz Werk Wör th,DE,0.63,49.04726732,8.293036
Daimler Truck AG  Mercedes-Benz Werk Wör th,DE,0.63,49.04726732,8.293036
Villeroy & Boch Magyarország Kft.,HU,0.17,46.412278,20.366389
MOL Magyar Olaj- és Gázipari Nyrt.,HU,1.65,46.24736606,20.06088331
MOL Magyar Olaj- és Gázipari Rt. SZT2 gy_jt_állomás,HU,1.84,46.2893266,20.18724022
MOL Magyar Olaj- és Gázipari Nyrt.,HU,0.03,46.2877943,20.9887328
MOL Magyar Olaj- és Gázipari Rt.- KTD GY Áll.,HU,0.01,46.2726,20.5046
MOL Magyar Olaj- és Gázipari Nyrt.,HU,0.95,46.3160441,20.19548896
MOL Magyar Olaj- és Gázipari Rt.,HU,1.17,46.2933,20.4601
MOL Magyar Olaj- és Gázipari Nyrt.,HU,1.17,46.2935,20.4651
MOL Magyar Olaj- és Gázipari Nyrt.,HU,3.17,46.3144,20.4411
MOL Magyar Olaj- és Gázipari Nyrt.,HU,3.16,46.256965,20.23171
MOL Magyar Olaj- és Gázipari Rt.,HU,1.85,46.27644069,20.2016182
MOL Magyar Olaj- és Gázipari Nyrt.,HU,2.17,46.2938,20.4244
MOL Magyar Olaj- és Gázipari Nyrt.,HU,2.17,46.2938,20.4244
MOL Magyar Olaj- és Gázipari Nyrt.,HU,1.01,46.3138,20.1838
MOL Magyar Olaj- és Gázipari Nyrt. - Endr_d-60 szénhidrogén termel_ kút telephelye,HU,0.92,46.978962,20.658066
MOL Magyar Olaj- és Gázipari Nyrt. Algy_- 11 CH termel_ kút,HU,4.17,46.2731,20.2731
MOL Magyar Olaj- és Gázipari Nyrt. Hódmez_vásárhely-1 CH kutató fúrás,HU,1.18,46.4012,20.2221
MOL Magyar Olaj- és Gázipari Nyrt. Algy_-1011H CH termel_ kút,HU,3.16,46.182751,20.1248
MOL Magyar Olaj- és Gázipari Nyrt. Algy_-1009H CH termel_ kút,HU,0.97,46.2971,20.1815
MOL Magyar Olaj- és Gázipari Nyrt. Algy_-192 CH termel_ kút,HU,0.91,46.2934,20.184
MOL Magyar Olaj- és Gázipari Nyrt. Ferencszállás-66 (F-66) CH termel_ kút,HU,1.52,46.1704,20.3293
MOL Magyar Olaj- és Gázipari Nyrt.Algy_ 302 CH termel_ kút,HU,1.01,46.300695,20.181019
MOL Magyar Olaj- és Gázipari Nyrt. Algy_-550 CH termel_ kút,HU,1.01,46.3009,20.1819
MOL Magyar Olaj- és Gázipari Nyrt. Batt-K-151 CH termel_ kút,HU,0.19,46.268919,21.079097
MOL Nyrt.,HU,2.96,47.514953,20.718249
Nagykör_-III gy_jt_állomás,HU,1.18,47.239658,20.393718
FGSZ Földgázszállító Zártkör_en M_köd_ Részvénytársaság,HU,1.33,47.872612,17.209955
MOL Magyar Olaj- és Gázipari Nyrt.,HU,2.17,46.2464,20.25464
MOL Magyar Olaj- és Gázipari Nyrt.,HU,2.88,46.29779,20.23183
MOL Magyar Olaj- és Gázipari Nyrt.,HU,0.97,46.30667,20.1908
MOL Magyar Olaj- és Gázipari Nyrt.,HU,1.01,46.30389,20.17625
MOL Magyar Olaj- és Gázipari Nyrt.,HU,3.05,46.31518,20.1731
MOL Magyar Olaj- és Gázipari Nyrt.,HU,3.04,46.30145,20.17395
MOL Magyar Olaj- és Gázipari Nyrt.,HU,0.44,46.2362,20.09158
MOL Magyar Olaj- és Gázipari Nyrt.,HU,4.17,46.25705,20.25766
MOL Magyar Olaj- és Gázipari Nyrt.,HU,1.01,46.30236,20.18219
MOL Magyar Olaj- és Gázipari Nyrt.,HU,5.85,46.2726,20.21748
MOL Magyar Olaj- és Gázipari Nyrt.,HU,3.87,46.27875,20.22406
MOL Magyar Olaj- és Gázipari Nyrt.,HU,1.52,46.21534,20.28563
MOL Magyar Olaj- és Gázipari Nyrt.,HU,0.58,46.23597,20.07187
MOL Magyar Olaj- és Gázipari Nyrt.,HU,3.87,46.27773,20.22229
MOL Magyar Olaj- és Gázipari Nyrt.,HU,4.16,46.26589,20.22861
MOL Magyar Olaj- és Gázipari Nyrt.,HU,3.88,46.2848,20.22923
MOL Magyar Olaj- és Gázipari Nyrt.,HU,3.87,46.28022,20.21677
MOL Magyar Olaj- és Gázipari Nyrt.,HU,3.16,46.27177,20.23533
MOL Magyar Olaj- és Gázipari Nyrt.,HU,0.66,46.23185,20.24598
MOL Magyar Olaj- és Gázipari Nyrt.,HU,0.52,46.21944,20.26845
MOL Magyar Olaj- és Gázipari Nyrt.,HU,1.86,46.28409,20.21046
MOL Magyar Olaj- és Gázipari Nyrt.,HU,5.48,46.23613,20.23654
MOL Magyar Olaj- és Gázipari Nyrt.,HU,2.05,46.31172,20.17965
MOL Magyar Olaj- és Gázipari Nyrt.,HU,2.17,46.24397,20.25705
MOL Magyar Olaj- és Gázipari Nyrt.,HU,1.86,46.3077,20.2145
MOL Magyar Olaj- és Gázipari Nyrt.,HU,4.08,46.31363,20.23507
MOL Magyar Olaj- és Gázipari Nyrt.,HU,0.28,46.24623,21.05837
MOL Magyar Olaj- és Gázipari Nyrt.,HU,1.95,46.26298,21.05984
FGSZ Földgázszállító Zártkör_en M_köd_ Részvénytársaság,HU,0.49,47.882139,20.959487
FGSZ Zrt.,HU,0.51,47.881256,20.998024
MOL Magyar Olaj- és Gázipari Nyrt.,HU,0.91,46.298841,20.188964
MOL Magyar Olaj- és Gázipari Nyrt.,HU,0.04,46.970206,20.650468
MOL Magyar Olaj- és Gázipari Nyrt.,HU,0.03,46.971292,20.343648
MOL Magyar Olaj- és Gázipari Nyrt.,HU,4.17,46.266669,20.241928
MOL Magyar Olaj- és Gázipari Nyrt.,HU,0.95,46.308499,20.192997
FGSZ Zrt.,HU,1.33,47.872612,17.209955
MOL Magyar Olaj- és Gázipari Nyrt.,HU,0.92,46.978962,20.658066
Imerys Magyarország T_z_llóanyaggyártó kft,HU,0.17,46.410979,20.371287
Imerys T_zállóanyaggyártó Kft.,HU,0.17,46.410979,20.371287
Budapesti Er_m_ Zrt.,HU,0.89,47.463478,19.055637
Mifa Aluminium B.V.,NL,3.16,51.38578,6.1552
Magyar Suzuki Zrt.,HU,2.97,47.768806,18.745863
PPG Coatings B.V.,NL,0.47,51.88328,5.41262
Aufwind Schmack Els_ Biogáz Szolgáltató Kft.,HU,0.03,46.857621,20.623795
CENTRALE GEOTERMICA CASAGLIA,IT,3.48,44.878333,11.5575
STABILIMENTO DI MAGENTA,IT,0.09,45.45,8.833333
STABILIMENTO DI MAGENTA,IT,0.09,45.45,8.833333
ARKEMA Srl (ex-Cray Valley Italia),IT,3.5,44.8961,10.5621
Evonik Italia S.r.l.,IT,0.34,45.4128,9.5469
Unilever Italia Manufacturing S.r.l.,IT,0.31,45.1746,11.1549
EVOMEK - Fusione di leghe di alluminio,IT,2.08,44.8009,12.1725
YARA ITALIA SPA - STABILIMENTO DI FERRARA,IT,1.18,44.856,11.5921
YARA ITALIA SPA - STABILIMENTO DI FERRARA,IT,1.18,44.856,11.5921
Stabilimento di Villadose,IT,2.22,45.0608,11.9261
SIT SpA - stabilimento di Rovigo,IT,2.14,45.0808,11.7483
ENEL PRODUZIONE SPA - UB NORD OVEST - C.LE ALESSANDRIA,IT,3.27,44.940555,8.607222
ENEL PRODUZIONE SPA - UB NORD OVEST - C.LE CARPI,IT,1.51,44.844444,10.901666
ENEL PRODUZIONE S.P.A. - POWER PLANT NORTH C.LE LA CASELLA,IT,3.61,45.0899,9.4794
Pergen VOF,NL,1.07,51.8858,4.36753
ExxonMobil Chemical Holland BV (ROP van RPI),NL,0.34,51.92881,4.1848
ExxonMobil Chemical Holland BV (ROP van RPI),NL,0.34,51.92881,4.1848
Air Products Nederland BV (Pernis),NL,2.08,51.88852,4.33004
Air Products Nederland BV (Pernis),NL,2.08,51.88852,4.33004
Arkema B.V. location Rotterdam,NL,1.47,51.88986,4.33577
Arkema B.V. location Rotterdam,NL,1.47,51.88986,4.33577
Lyondell Chemical Nederland Ltd.,NL,0.03,51.88203,4.25287
Prysmian Netherlands B.V.,NL,1.12,51.99568,4.3643
Air Products Nederland BV (Botlek),NL,0.05,51.87894,4.25934
Archer Daniels Midland Europoort BV (ADM),NL,1.49,51.95596,4.12249
BASF Nederland B.V. De Meern,NL,0.59,52.07471,5.05391
Draad Nijmegen BV (onder de naam Smit Draad),NL,2.44,51.8423,5.81017
Yara Vlaardingen BV,NL,4.21,51.89878,4.32565
Yara Vlaardingen BV,NL,4.21,51.89878,4.32565
SUEZ Schiedam,NL,0.67,51.90236,4.38923
Renewi Nederland BV,NL,1.87,51.88545,4.52289
PPG Deco Polska Sp. z o.o.,PL,0.27,51.12532425,17.10090828
3M Wroc_aw (IATD),PL,0.45,51.125,17.125
Händelöverket,SE,0.26,58.61956,16.23333
Skeppsdockan,SE,0.33,58.59533,16.19674
Ingelsta HVC,SE,1.33,58.61095,16.171072
Västerbyholm. kolaskeupplag,SE,3.33,58.62067,16.19841
Bergrum 8,SE,0.26,58.61833,16.2285
Bergrum 7,SE,0.26,58.62079,16.23124
Bergrum 1-6,SE,0.26,58.61833,16.2285
FRESENIUS KABI. BRUNNAFABRIKEN,SE,1.74,59.51364,17.73935
Skutskärs Bruk,SE,0.07,60.64365,17.38983
Stora Cells Barkdeponi,SE,2.28,60.62495,17.38271
Stora Cells Barkdeponi,SE,2.28,60.62495993,17.38272197
FM Mattsson. Södra fabriken,SE,0.89,61.02441,14.48997
Ostnor AB. Norra Fabriken,SE,0.76,61.02671,14.49543
Volvo Lastvagnar AB. Umeå,SE,1.8,63.82296,20.21857
Smurfit Kappa Kraftliner Piteå,SE,1.54,65.31475,21.44037
Smurfit Kappa Kraftliner Piteå,SE,1.54,65.31475,21.44037
Imerys Fused Minerals Ru_e,SI,20.69,46.548561,15.521008
GE CO,US,7.46,42.810809,-73.962246
GE FAIRCHILD MINING EQUIPMENT,US,30,37.37509,-80.85353
LM WIND POWER TCA,US,1.19,30.02499,-89.91942
LM WIND POWER BLADES (USA) INC,US,2.74,34.707028,-92.181917
GE ENGINE SERVICES MCALLEN LP,US,1.59,26.15515,-98.27608
GE ENGINE SERVICES - MCALLEN LP (MAC 2),US,1.78,26.15204,-98.284422
COOPER CROUSE-HINDS LLC,US,3.82,43.084518,-76.159024
EATON AEROQUIP. LLC,US,2.05,36.37861,-85.63956
EATON AEROQUIP. LLC.,US,25.06,36.38637,-85.63678
EATON CORP,US,23.25,38.545055,-90.437011
POWER DISTRIBUTION INC,US,0.08,33.70752,-117.92311
ABBOTT LABORATORIES,US,1.79,37.130556,-79.267778
409 - RED WING OILSEEDS PLANT,US,11.13,44.5683,-92.5333
ADM PROCESSING,US,4.39,48.062103,-100.924722
ADM QUINCY,US,1.14,39.903884,-91.410552
ADM,US,0.02,41.430585,-96.4987
ADM ANIMAL NUTRITION INC,US,0.05,41.436607,-97.252411
ADM ALLIANCE NUTRITION INC,US,0.26,40.854634,-99.987927
NEW ORLEANS SHIPYARD,US,4.68,29.94563,-90.23055
FRITO - LAY INC.,US,22.57,42.09723,-75.83831
PEPSI BEVERAGES COMPANY,US,0.01,33.41317,-111.99065
FRITO-LAY INC.,US,3.08,45.656474,-122.691922
KINGSFORD MANUFACTURING CO,US,0.11,44.063375,-122.980378
ELANCO AUGUSTA TECHNOLOGY CENTER,US,1.38,33.42347,-81.94362
CROWN BEVERAGE PACKAGING,US,1.22,42.6845,-71.17983
CROWN CORK & SEAL CO (USA) INC CROWN CLOSURE DIV,US,18.41,40.38792,-80.62115
CROWN BEVERAGE PACKAGING,US,4.46,44.023655,-107.963969
BAXTER HEALTHCARE CORP.,US,1.45,33.764467,-90.716953
CHEROKEE PHARMACEUTICALS LLC.,US,26.23,40.96131,-76.64329
ABB MOTORS & MECHANICAL INC.,US,1.4,33.47829,-88.44085
HUBBELL LENOIR CITY INC,US,17.39,35.779047,-84.274773
KILLARK A DVISION OF HUBBELL,US,3.59,38.550437,-90.455726
BASF CORP,US,12.78,40.832292,-75.08573
BASF CORP,US,4.15,40.660554,-80.347521
BASF CORP,US,0.19,39.88903,-75.27729
BASF CORP,US,3.63,31.264095,-87.981969
BASF CORP,US,14.18,35.093058,-85.258925
BASF CORP,US,0.7,38.27227,-85.80322
BASF CORP,US,0.1,39.1782,-84.5041
BASF CORP,US,23.4,38.560791,-90.457932
BASF CORP - HANNIBAL SITE,US,4.51,39.834118,-91.436791
BASF CORP,US,1.1,30.1979,-91.0035
BASF NORTH GEISMAR SITE,US,4.59,30.18767,-91.00953
BASF CORP - PORT ALLEN WO RKS,US,4.61,30.49891,-91.22691
BASF CORP - VIDALIA WORKS,US,5.03,31.550959,-91.447034
BASF CORP,US,3.85,35.136057,-90.096893
BASF CORP - FREEPORT SITE,US,1.61,29.002075,-95.399777
BASF CORP - HARBOR TERM INAL,US,0.26,28.936269,-95.338419
BASF CORP,US,0.39,33.82297,-117.8515
FMC CORP,US,0.26,30.340102,-81.631472
FMC CORP,US,1.24,42.32827,-96.36213
DUPONT YERKES PLANT,US,4.04,42.96227,-78.91914
DUPONT WASHINGTON WORKS,US,30,39.271944,-81.661667
DUPONT ELECTRONIC POLYMERS,US,0.42,39.733992,-84.220103
DUPONT PONTCHARTRAIN WORKS,US,3.09,30.0589,-90.5241
DDP SPECIALTY ELECTRONIC MATERIAL US LLC.,US,0.59,42.534888,-113.813594
HENKEL US OPERATIONS CORP,US,2.6,39.25597,-93.9226
HENKEL US OPERATIONS CORP,US,4.21,39.134272,-94.556855
HENKEL US OPERATIONS CORP,US,2.6,39.25597,-93.9226
HENKEL US OPERATIONS CORP,US,4.21,39.134272,-94.556855
HENKEL US OPERATIONS CORP,US,2.6,39.25597,-93.9226
HENKEL US OPERATIONS CORP,US,4.21,39.134272,-94.556855
HENKEL US OPERATIONS CORP,US,2.6,39.25597,-93.9226
HENKEL US OPERATIONS CORP,US,4.21,39.134272,-94.556855
AES BEAVER VALLEY LLC,US,1.15,40.65554,-80.34946
KILLEN STATION,US,6.06,38.6903,-83.4803
JM STUART STATION,US,0.28,38.641584,-83.684561
IPL PETERSBURG,US,0.15,38.52776,-87.252884
AES Huntington Beach,US,0.01,33.6436,-117.9788
BECTON DICKINSON & CO,US,0.01,41.43596,-97.3194
WESTROCK CONVERTING CO LLC   STROUDSBURG MILL,US,7.92,40.999327,-75.146544
WESTROCK / SEVEN HILLS LLC,US,20.89,37.403284,-79.127627
WESTROCK KRAFT PAPER LLC,US,15.97,36.476037,-77.643173
WESTROCK MILL CO LLC,US,21.4,32.453775,-87.977104
WESTROCK CHATTANOOGA TN MILL,US,1.83,35.061315,-85.323309
WESTROCK CP LLC,US,1.86,40.279858,-81.863097
WESTROCK LONGVIEW LLC,US,2.14,46.10361,-122.92167
WESTROCK LONGVIEW LLC,US,6.19,46.107527,-122.926617
Seven Hills Paperboard. LLC,US,20.89,37.403741,-79.128076
PPG INDUSTRIESINC-SPRINGDALE COMPLEX,US,21.74,40.536826,-79.785659
CROWN GROUP EAST MOLINE PLANT,US,5.85,41.527496,-90.414148
VERSAFLEX,US,9.26,39.08662,-94.61384
CALLAWAY GOLF BALL OPERATIONS INC,US,0.67,42.17553,-72.61462
QUAD GRAPHICS MARKETING LLC,US,1.66,41.796068,-92.057884
PACKAGING CORP OF AMERICA,US,3.44,42.29226,-72.61873
PACKAGING CORP OF AMERI CA,US,2.09,45.450849,-89.740303
BOISE WHITE PAPER LLC,US,2.07,46.10396,-118.9184
RUSTOLEUM CORP,US,23.34,38.55551,-82.2836
RUST-OLEUM - PHOENIX,US,8.06,33.417142,-112.067855
KNOWLTON TECHNOLOGIES LLC,US,1.04,43.97535,-75.90653
EASTMAN CHEMICAL RESINS INC,US,14,40.27322,-79.89591
FLEXSYS AMERICA LP KRUMMRICH,US,4.64,38.59724,-90.168697
SOLUTIA INC P2S5 PLANT,US,4.64,38.597292,-90.168822
TAMINCO US LLC,US,3.66,30.250833,-91.092278
METAL IMPROVEMENT CO,US,0.72,40.08066,-74.91894
LUBRIZOL CORP,US,0.91,39.763889,-75.422778
THE LUBRIZOL CORP,US,30,40.564,-80.2159
SHAW INDUSTRIES GROUP INC PLANT 8S,US,1.23,34.047222,-81.151361
JOHNS MANVILLE,US,1.33,32.432598,-84.975758
SCHULZ XTRUDED PRODUCTS,US,0.08,34.821882,-90.26895
ANDREWS LASER WORKS,US,3.34,39.05274,-84.49133
HUNTINGTON ALLOYS CORP,US,12.7,38.26704,-82.58087
LUBRIZOL ADVANCED MATERIALS INC,US,6.67,37.046288,-88.325437
JOHNS MANVILLE PLANT 2,US,11.12,41.2859,-84.3648
JOHNS MANVILLE PLANT 01,US,9.06,41.53034,-83.70679
MIDAMERICAN ENERGY CO GEORGE NEAL NORTH,US,1.23,42.32742,-96.367819
MIDAMERICAN ENERGY-RIVERSIDE GENERATING STATION,US,9.96,41.5404,-90.4478
CHEMTOOL ROCKTON NORTH PLANT,US,0.66,42.468611,-89.06555
CERRO FLOW PRODUCTS LLC,US,4.64,38.591804,-90.172888
BRITTAIN MACHINE INC,US,0.38,37.64864,-97.37988
EXACTA AEROSPACE INC,US,0.26,37.66573,-97.39261
UNION TANK CAR - ALEXANDRIA MANUFACTURING FACILITY,US,1.46,31.345298,-92.525109
GREENVILLE TUBE CO LLC,US,2.11,35.461111,-93.473611
JOHNS MANVILLE,US,0.82,35.47474,-97.45914
ACME BRICK CO-BENNETT PLANT,US,2.88,32.718703,-98.049393
PACIFICORP DAVE JOHNSTON PLANT,US,11.44,42.8381,-105.7762
REID GARDNER GENERATING STATION,US,0.75,36.6565,-114.6326
SPS TECHNOLOGIES LLC,US,6.13,33.71108,-117.9196
Greater Des Moines Energy Center,US,14.47,41.5563,-93.5283
Sycamore Combustion Turbine,US,1.16,41.6722,-93.6769
Pleasant Hill Energy Center,US,11.3,41.5572,-93.5242
MidAmerican Energy Local Gas Distribution Company,US,2.14,41.58758,-93.62616
MidAmerican Energy Company Local Natural Gas Distribution Company - Illinois,US,2.14,41.58758,-93.62616
MidAmerican Energy Company Local Natural Gas Distribution Company - Nebraska,US,2.14,41.58758,-93.62616
MidAmerican Energy Company Local Natural Gas Distribution Company - South Dakota,US,2.14,41.58758,-93.62616
MidAmerican Energy Company,US,2.14,41.58758,-93.62616
MidAmerican Energy Company - Bettendorf LNG,US,1.47,41.54444,-90.45061
Johns Manville,US,1.33,32.432598,-84.975758
LEBANON CRUSHED STONE PIKE INDUSTRIES INC,US,20.3,43.617851,-72.326956
CALLANAN INDUSTRIES ALBANY ASPHALT PLANT,US,2.03,42.6178,-73.76051
NATIONAL PIPE & PLASTICS INC.,US,7.85,42.09778,-76.07513
OLDCASTLE PRECAST INC,US,0.73,40.094178,-74.896546
OLDCASTLE LAWN & GARDEN,US,0.3,33.104119,-88.197939
APAC-MISSISSIPPI & PRECISION PACKAGING,US,0.4,32.2632,-90.2076
APAC-MISSISSIPPI INC COLUMBUS ASPHALT PLANT,US,1.23,33.476944,-88.413903
STANDARD READY MIX CONCRETE CO SIOUX CITY PLANT,US,1.65,42.5036,-96.38944
READY MIXED CONCRETE CO COUNCIL BLUFFS PLANT,US,0.4,41.25053,-95.85616
OLDCASTLE LAWN & GARDEN,US,4.14,38.587965,-90.184922
OLDCASTLE MILLER BONNER SPRINGS,US,3.85,39.05278,-94.85324
OLDCASTLE PRECAST INC,US,4.39,39.08016,-95.74345
GERHOLD CONCRETE CO BLAIR PLANT,US,0.49,41.54513,-96.10241
MATERIALS PACKAGING CORP,US,0.81,41.460017,-96.4959
MATERIALS PACKAGING CORP,US,0.81,41.460966,-96.49728
GERHOLD CONCRETE CO - COLUMBUS PLANT,US,0.01,41.437971,-97.383092
SIOUXLAND CONCRETE CO,US,0.15,42.44202,-96.4053
PRECISION PACKAGING INC,US,0.01,34.758056,-92.222194
STANDARD MATERIALS GROUP INC TULSA W 23RD,US,4.43,36.130489,-95.994838
TEXAS BIT LESTON ASPHLAT PLANT,US,1.1,32.8119,-96.893081
OLDCASTLE LAWN & GARDN,US,0.65,32.69779,-96.73937
WACO HOT MIX PLANT,US,1.37,31.53056,-97.07944
AUSTIN SOUTH PLANT,US,4.92,30.24818,-97.68208
RAMIREZ LANE CONCRETE BATCH  PLANT,US,0.78,30.2446,-97.65325
OLDCASTLE PRECAST INC,US,0.06,39.56077,-105.04582
AMCOR MASONRY PRODUCTS,US,0.04,40.83745,-111.93336
LEVIAT,US,2.64,45.26738,-122.671815
INTERSTATE CONCRETE & ASPHALT DBA HOOD RIVER SAND & GRAVEL,US,24.42,45.708569,-121.497738
ASH GROVE CEMENT CO,US,1.02,45.62347,-122.78087
CENTRAL PREMIX CONCRETE PRODUCTS CO.,US,3.69,45.54111,-122.68346
OLDCASTLE PRECAST INC,US,0.02,44.125265,-123.192901
WENATCHEE SAND & GRAVEL,US,22.51,47.406239,-120.299797
CENTRAL WASHINGTON CONCRETE WENATCHEE,US,3.68,47.509144,-120.293205
CENTRAL PRE-MIX - YAKIMA,US,0.77,46.596611,-120.477684
CENTRAL PRE-MIX SULLIVAN ROAD,US,0.61,47.6752,-117.196
CENTRAL PRE-MIX CONCRETE PRODUCTS CO.,US,3.67,47.682357,-117.18392
AMERICAN ROCK PRODUCTS PASCO,US,3.53,46.274686,-119.243921
AMERICAN ROCK PRODUCTS HANFORD,US,5.17,46.317034,-119.293478
SIEMENS INDUSTRY INC,US,30,40.41373,-79.8982
SIEMENS HEALTHINEERS,US,3.73,41.6579,-86.14992
Siemens Energy.inc,US,0.68,32.24943,-90.16217
CHATTEM INC PLANT 2,US,7.85,35.01624,-85.32301
HONEYWELL INTERNATIONAL INC,US,0.74,42.748889,-73.695833
HONEYWELL INTERNATIONAL INC,US,4.11,38.5057,-82.658
ECLIPSE,US,4.74,42.33267,-89.070826
HONEYWELL SAFETY PRODUCTS,US,8.05,41.50017,-90.59447
HONEYWELL INTERNATIONAL INC GEISMAR PLANT,US,5.74,30.2219,-91.0515
ENTEGRIS INC.,US,1.95,39.840652,-75.368238
SAFETY-KLEEN SYSTEMS POCA (POC),US,7.28,38.451192,-81.819553
SAFETY-KLEEN SYSTEMS MILLINGTON (MIL),US,0.3,35.2733,-89.94577
SAFETY-KLEEN SYSTEMS. INC.,US,9.34,32.28818,-90.18101
SAFETY-KLEEN SYSTEMS WICHITA (WIB),US,0.24,37.67166,-97.39882
SAFETY-KLEEN SYSTEMS - METAIRIE,US,3.97,29.97431,-90.15261
SAFETY-KLEEN SYSTEMS KENNER (KEN),US,5.09,30.0009,-90.27704
SAFETY-KLEEN SYSTEMS - ST ROSE,US,3.68,29.96945,-90.29179
SAFETY-KLEEN SYS INC,US,4.2,36.23793,-95.73331
EMERALD SERVICES INC - SPOKANE,US,0.09,47.66843,-117.31958
L-3 POWER PARAGON INC,US,0.13,33.81809,-117.8993
3M CO DBA 3M CLINTON,US,8.19,36.09526,-84.10623
3M CO - WAUSAU DOWNTOWN,US,2.03,44.95018,-89.63766
3M CO-VALLEY,US,0.02,41.30694,-96.3379
CABOT CORP,US,2.14,39.33455,-81.390904
CABOT CORP,US,13.22,38.716251,-85.095767
CABOT CORP CANAL PLANT,US,2.82,29.68576,-91.473179
CABOT CORP - CANAL PLANT,US,3.27,29.734346,-91.482148
PARKER HANNIFIN,US,9.94,41.67112,-86.13078
BALDWIN FILTERS INC,US,0.92,42.88715,-97.34591
PARKER HANNIFIN MANHATTAN FACILITY,US,1.8,39.1959,-96.55719
PARKER HANNIFIN LIBERTY LAKE,US,9.47,47.677927,-117.090273
AUTO WAX CO,US,20.68,32.83362,-96.88371
DARLING INGREDIENTS INC,US,2.96,41.813889,-90.22
DARLING INGREDIENTS INC,US,0.79,37.465019,-121.030327
SIKA-FAIRLESS HILLS PA,US,2.15,40.1623,-74.7504
NEPTUNE TECHNOLOGY GROUP INC,US,0.36,32.52358,-85.89471
EXELON CORP SCHUYLKILL GENERATING STATION,US,4.23,39.94178,-75.186845
EXELON CORP CROYDON GENERATING STATION,US,3.73,40.07998,-74.89336
Eddystone Generating Station,US,3.06,39.858,-75.323
PECO Gas Division,US,13.88,39.95415,-75.17781
VEOLIA ES TECHNICAL SOLUTIONS LLC,US,4.3,38.59452,-90.18551
UMICORE ELECTRICAL MATERIALS USA INC,US,22.27,43.29695,-73.64315
SIKORSKY AIRCRAFT STRATFORD FACILITY,US,10.64,41.2484,-73.09765
LOCKHEED MARTIN RMS,US,7.61,42.09544,-76.22401
ATI FLAT ROLLED PRODUCTS HOLDINGS LLC,US,30,40.6081,-79.7291
ALLEGHENY LUDLUM LLC,US,26.04,40.64008,-79.61118
PRYSMIAN CABLE & SYSTEMS LLC,US,0.16,42.99397,-71.47268
PRYSMIAN CABLES & SYSTEMS USA LLC,US,3.11,41.23107,-77.05523
BATH IRON WORKS,US,6.03,43.91,-69.815
AIR PRODUCTS & CHEMICALS INC.,US,5.25,40.191667,-74.783306
AIR PRODUCTS & CHEMICALS INC - GARYVILLE SMR,US,2.72,30.06273,-90.58819
AIR PRODUCTS & CHEMICALS INC LULING SMR,US,4.4,29.921746,-90.350852
AIR PRODUCTS & CHEMCIALS INC  NORCO SMR,US,6.14,30.0169,-90.40874
AIR PRODUCTS & CHEMICALS INC ( NEW ORLEANS LA FACILITY),US,1.96,30.029033,-89.900517
AIR PRODUCTS & CHEMICALS INC - CONVENT SMR,US,4.14,30.10817,-90.88404
AIR PRODUCTS & CHEMICALS INC,US,8.32,30.119088,-90.869264
AIR PRODUCTS AND CHEMICALS INCORPORATED,US,0.01,38.529722,-121.398889
AIR PRODUCTS & CHEMICALS INC - Geismar SMR,US,1.24,30.18379,-90.98836
AIR PRODUCTS AND CHEMICALS INC - GARYVILLE,US,5.53,30.09959,-90.648851
AIR PRODUCTS & CHEMICALS INC - INDUSTRIAL GAS PRODUCTION FACILITY,US,2.14,30.022255,-89.900984
AIR PRODUCTS CHEMICALS INC,US,0.01,30.20578,-90.99383
Air Products and Chemicals. Inc.,US,0.1,39.18291,-84.50394
Air Products and Chemicals Inc. Luling SMR Facility,US,3.47,29.93061,-90.34702
Air Products - Geismar 3 HYCO,US,4.79,30.19641,-91.01745
MODINE MANUFACTURING CO,US,15.19,36.10189,-84.10451
WORTHINGTON INDUSTRIES PADUCAH,US,0.51,37.04833,-88.56873
WORTHINGTON CYLINDERS KANSAS LLC,US,0.69,37.7839,-97.4814
AMPHENOL ANTENNA SOLUTIONS,US,0.82,42.21504,-89.0766
UNIFIED BRANDS/GROEN,US,3.41,32.166631,-90.264703
ASTRONICS PECO GROUP,US,0.28,45.48848,-122.64837
COLGATE-PALMOLIVE CO,US,5.06,38.279278,-85.765694
HILL'S PET NUTRITION INC,US,7.84,39.060981,-95.672854
FORT MYERS POWER PLANT,US,0.33,26.6967,-81.7831
Fort Myers,US,0.33,26.6967,-81.7831
KEYSTONE FOODS LLC - ALABAMA DIV,US,1.75,33.96546,-86.07319
TYSON FARMS INC,US,10.68,32.388866,-90.883579
TYSON CHICKEN INC. FEED MILL,US,1.99,37.628703,-87.528216
TYSON FRESH MEATS INC-PERRY,US,2.78,41.841944,-94.126111
TYSON FRESH MEATS INC.,US,3.6,41.24018,-95.88697
TYSON FRESH MEATS INC-LOUISA COUNTY,US,2.48,41.296667,-91.356944
TYSON FRESH MEATS INC - JOSLIN IL,US,6.36,41.551434,-90.225723
TYSON FRESH MEATS INC WWTP,US,1.45,42.428889,-96.416944
TYSON FRESH MEATS INC,US,1.45,42.428889,-96.416944
TYSON POULTRY INC. - PINE BLUFF FEED MILL,US,0.25,34.263956,-91.938772
TYSON POULTRY INC NORTH LITTLE ROCK,US,0.01,34.758417,-92.224056
TYSON POULTRY INC,US,4.12,35.426127,-93.502525
TYSON POULTRY INC.,US,0.09,35.2176,-93.1611
TYSON POULTRY INC,US,3.97,35.42522,-94.3295
TYSON FRESH MEATS INC,US,6.36,41.5514,-90.2256
Tyson Fresh Meats. Inc.- Dakota City. NE,US,0.21,42.424893,-96.514309
TYSON FRESH MEATS INC,US,2.48,41.296667,-91.356944
TYSON FRESH MEATS INC,US,0.03,37.999254,-101.011647
TYSON FRESH MEATS INC-PERRY,US,2.78,41.84096,-94.12596
SEMICONDUCTOR COMPONENTS INDUSTRIES LLC,US,27.32,43.20357,-77.62837
SPECIALTY PRODUCTS US LLC - POLYOX PLANT,US,23.27,38.383343,-81.776202
DANISCO SWEETENERS INC,US,1.45,41.999852,-90.10985
PLAQUEMINE METHOCEL,US,2.63,30.318804,-91.241425
FABRICATED TUBE PRODUCTS - CARROLLTON,US,5.6,32.95122,-96.93741
YALE SECURITY INC. - YALE COMMERCIAL FACILITY,US,11.42,35.78754,-84.26564
ARKEMA INC FRANKLIN PLANT,US,1.34,36.652054,-77.001306
ARKEMA INC,US,5.67,37.056699,-88.365727
ARKEMA COATING RESINS,US,4.41,39.13229,-94.56953
ARKEMA COATING RESINS,US,0.8,29.98553,-90.44728
ARKEMA INC,US,0.76,30.060226,-94.058976
PRECOAT METALS,US,3.41,32.166686,-90.262797
PRECOAT METALS,US,4.94,37.929853,-86.78121
MIDWEST METAL COATINGS,US,2.37,38.727349,-90.143937
PRECOAT METALS,US,4.39,38.74631,-90.12951
GE CO,US,7.46,42.810809,-73.962246
GE Power and Water,US,6.46,42.8099,-73.95172
CMC REBAR,US,5.22,36.15811,-86.74549
CMC REBAR - KANSAS CITY,US,4.63,39.135009,-94.525085
CMC STEEL FABRICATORS INC. DBA CMC REBAR,US,0.46,32.77847,-96.89934
CMC STEEL FABRICATORS INC DBA CMC VALLEY STEEL,US,0.18,26.21899,-97.71584
CMC REBAR DENVER,US,16.34,39.79385,-104.96875
CMC REBAR ALBUQUERQUE,US,0.15,35.10865,-106.64333
TTM TECHNOLOGIES N.A. LLC,US,0.46,44.94116,-91.36088
TTM TECHNOLOGIES N.A. LLC,US,6.13,33.71149,-117.92179
TTM TECHNOLOGIES N.A. LLC,US,0.02,33.85454,-117.85621
CLIMAX MOLYBDENUM CO,US,0.96,40.5826,-91.4261
BIC CONSUMER PRODUCTS MANUFACTURING CO INC,US,0.62,41.221248,-73.101493
SKYLINE STEEL LLC-FAIRLESS HILLS,US,2.15,40.16107,-74.75207
NUCOR STEEL TUSCALOOSA INC,US,0.93,33.23375,-87.50693
INDEPENDENCE TUBE CORP,US,1.18,34.66088,-87.08139
NUCOR STEEL MEMPHIS INC,US,2.18,35.04991,-90.15314
NUCOR STEEL MEMPHIS PROCESSING,US,4.64,35.083103,-90.126397
NUCOR STEEL JACKSON INC,US,3.04,32.312167,-90.137278
REPUBLIC CONDUIT MANUFACTURING,US,0.51,38.17205,-85.887508
NUCOR STEEL GALLATIN LLC,US,15.6,38.766667,-85.004167
SKYLINE STEEL LLC-BELPRE,US,10.15,39.32212,-81.56289
NUCOR TUBULAR PRODUCTS INC.,US,6.21,41.322787,-88.690164
NUCOR STEEL LOUISIANA LLC,US,2.53,30.101623,-90.867748
NUCOR STEEL-ARKANSAS,US,5.76,35.941,-89.727
NUCOR COATINGS CORP,US,4.28,35.938333,-89.775
SKYLINE STEEL LLC-ARMOREL,US,4.18,35.916,-89.776806
NUCOR-YAMATO STEEL CO,US,1.92,35.901866,-89.775643
CBC STEEL BUILDINGS LLC,US,0.33,37.81185,-121.27235
SKYLINE STEEL LLC-LONGVIEW,US,5.26,46.110883,-122.935563
Nucor Steel Louisiana LLC,US,3.42,30.081306,-90.860528
SPENSALL A DIV OF FASTENAL MANUFACTURING,US,5.04,44.06187,-91.68256
BURLINGTON GENERATING STATION,US,1.71,40.071444,-74.875889
MERCER GENERATING STATION,US,10.26,40.178882,-74.733936
BETHLEHEM ENERGY CENTER,US,10.05,42.59375,-73.761111
DAL-TILE CORP LEWISPORT PLANT,US,3.13,37.9249,-86.90099
RBC TRANSPORT DYNAMICS CORP,US,0.24,33.70876,-117.91248
SANDVIK SPECIAL METALS LLC,US,0.07,46.145258,-119.011172
SEALED AIR CORP,US,3.91,39.719158,-94.89521
DUNKIRK STEAM STATION,US,0.06,42.49177,-79.34759
ELRAMA POWER PLANT,US,7.5,40.252362,-79.917322
PORTLAND POWER PLANT,US,21.8,40.9095,-75.079143
W.A. PARISH ELECTRIC GENERATING STATION,US,0.96,29.478295,-95.635775
W A Parish,US,0.96,29.4783,-95.6358
Contra Costa Generating Station,US,5.23,38.0184,-121.761
ECOLAB INC,US,4.34,37.003041,-89.168604
ECOLAB INC,US,11.21,39.13342,-94.55674
NALCO CO,US,4.85,30.048591,-90.630941
NALCO CO,US,3.89,30.41898,-91.23679
NALCO COMPANY-ROCK SPRINGS,US,1.37,41.55176,-109.29774
PHILLIPS 66 SAVANNAH LUBRICANTS PLANT,US,3.92,32.077486,-81.045918
PHILLIPS 66 TERMINAL,US,3.47,38.811581,-90.091642
PHILLIPS 66 CO EAST ST LOUIS TERMINAL,US,6.95,38.58215,-90.188198
PHILLIPS 66  - ALLIANCE REFINERY,US,4.21,29.68,-89.980833
PHILLIPS 66 CO OKLAHOMA CITY PRODUCTS TERMINAL,US,2.77,35.4773,-97.4312
PHILLIPS 66 CO SAN BERNARD TER MINAL,US,2.15,29.061054,-95.672676
PHILLIPS 66 CO.  JONES CREEK TERMINAL,US,1.23,28.940267,-95.430237
PHILLIPS 66 SPOKANE-PARKWATER TERMINAL,US,0.09,47.66991,-117.317119
VEOLIA JAMES RIVER PLANT,US,12.2,37.416944,-77.408889
VEOLIA WURTLAND PLANT,US,16.23,38.555556,-82.789167
VEOLIA FORT HILL PLANT,US,14.09,39.115278,-84.796111
VEOLIA BURNSIDE PLANT,US,1.93,30.125259,-90.912628
GCP APPLIED TECHNOLOGIES INC,US,7.15,33.45056,-81.92405
COLONIAL LANDFILL,US,2.47,30.148414,-90.874105
UPPER ROCK ISLAND COUNTY LANDFILL,US,3.86,41.53668,-90.379678
FORT WORTH REGIONAL LANDFILL,US,0.04,32.789533,-97.242917
CRESCENT ACRES LANDFILL,US,4.09,29.97371,-89.99852
BIG RIVER LANDFILL,US,0.77,33.3955,-90.90665
STEPAN CO - FIELDSBORO PLANT,US,10.14,40.133999,-74.734883
STEPAN CO,US,0.01,33.84925,-117.9154
BEHR PROCESS CORP - ALTON,US,0.16,33.70368,-117.8904
BEHR PROCESS CORP - GARRY & YALE,US,0.2,33.70564,-117.91566
MASCO BATH,US,1.92,42.17096,-121.75499
VALMONT PITTSBURGH GALVANIZING,US,0.65,40.63272,-80.44639
VALMONT NEWMARK,US,9.65,35.04647,-85.6441
VALMONT COATINGS GATEWAY GALVANIZING,US,1.59,38.327894,-85.668221
VALMONT COATINGS INC DBA SIOUXLAND GALVANIZING CORP.,US,2.25,42.431,-96.38075
VALMONT NEWMARK INC,US,0.23,41.43036,-97.29115
CHALMETTE REFINING LLC,US,1.2,29.936411,-89.972954
CHALMETTE REFINING LLC - CHALMETTE REFINERY,US,3.57,29.962482,-89.953344
OXY VINYLS LP,US,0.91,39.763611,-75.423611
OCCIDENTAL CHEMICAL CORP (OXYCHEM),US,6.54,36.049722,-87.983889
OCCIDENTAL CHEMICAL CORP SAUGET PLANT,US,4.64,38.600011,-90.169928
OCCIDENTAL CHEMICAL CORP,US,4.37,29.97371,-90.45892
OCCIDENTAL CHEMICAL CORP LULING,US,3.47,29.9307,-90.34736
OCCIDENTAL CHEMICAL HOLDING CORP,US,4.13,30.05509,-90.83084
OCCIDENTAL CHEMICAL HOLDING CORP - GEISMAR PLANT,US,2.27,30.1851,-90.9804
SOLVAY SPECIALTY POLYMERS USA LLC,US,1.86,39.845474,-75.209486
SOLVAY SPECIALTY POLYMERS USA LLC,US,29.08,39.370495,-81.515306
CYTEC SOLVAY COMPOSITE MATERIALS  ANAHEIM,US,0.01,33.86194,-117.86123
SOLVAY CHEMICALS INC,US,6.42,46.136952,-122.982513
CORNING INC,US,5.09,42.13751,-76.921193
EQUISTAR CHEMICALS LP-MATAGORDA FACILITY,US,0.02,28.7875,-95.943056
SILGAN CONTAINERS MANUFACTURING CORP,US,4.39,44.77964,-93.3364
SILGAN CONTAINERS MANUFACTURING CORP,US,3.91,39.719501,-94.892708
SILGAN CONTAINERS MFG CORP,US,0.08,38.510556,-121.467222
LEGGETT & PLATT INC,US,30,41.110568,-76.13783
STERLING STEEL CO LLC,US,1.12,41.786281,-89.709809
LEGGETT & PLATT INC,US,4.13,37.240342,-89.583831
EVONIK CORP,US,1.95,39.837605,-75.37294
EVONIK CORP CALVERT CITY PLANT,US,4.67,37.041035,-88.348001
EVONIK CORP,US,4.67,37.054722,-88.335
EVONIK INDUSTRIES,US,13.04,42.670059,-89.037076
EVONIK CORP,US,3.51,40.564725,-89.724485
EVONIK CORP,US,1.52,41.53673,-96.102
EVONIK CORP,US,9.97,30.04084,-90.62532
EVONIK CORP,US,2.96,30.07183,-90.574632
CHEVRON LOUISVILLE TERMINAL/LUBRICANTS BLEND PLANT,US,3.48,38.227794,-85.83723
CHEVRON ORONITE CO LLC,US,4.72,29.80825,-90.01
CHEVRON FORT WORTH TERMINAL,US,0.55,32.78785,-97.32521
BANTA TERMINAL CHEVRON PRODUCTS CO,US,1.73,37.75091,-121.34804
CHEVRON PRODUCTS CO SACRAMENTO TERMINAL,US,9.74,38.56805,-121.51282
Salinas River Cogeneration Facility,US,3.27,35.9515,-120.8679
Chevron Oronite Oak Point,US,4.72,29.80832,-90.01291
LANXESS CORP NEVILLE ISLAND,US,15.21,40.50787,-80.11171
LANXESS CORP,US,3.51,40.565833,-89.721389
KAWASAKI RAIL CAR INC,US,2.59,40.93661,-73.9001
KAWASAKI RAIL CAR INC,US,2.59,40.93661,-73.9001
BALL METAL FOOD CONTAINER LLC,US,18.41,40.38864,-80.62305
REXAM BEVERAGE CAN CO,US,2.05,44.9406,-93.08121
BCP INGREDIENTS INC,US,4.41,30.24916,-91.08888
ACRA AEROSPACE,US,0.01,33.8564,-117.887057
THE AMES COS INC,US,0.22,40.045284,-95.599406
DUCOMMUN AEROSTRUCTURES INC ORANGE FACILITY,US,0.55,33.81879,-117.86204
LIPPERT COMPONENTS INC,US,1.59,41.6845,-85.923
LCI - 039B,US,2.62,41.658203,-86.157605
LYDALL THERMAL/ACOUSTICAL INC,US,0.74,42.742157,-73.692494
LYDALL PERFORMANCE MATERIALS,US,20.39,43.3544,-76.426447
CARLISLE POLYURETHANE SYSTEMS,US,9.69,35.06118,-85.274261
AMERICAN SYNTHETIC RUBBER CO,US,1.5,38.209317,-85.847511
BF GOODRICH TIRE MANUFACTURING,US,2.12,41.135806,-84.904667
BF GOODRICH TIRE MANUFACTURING,US,2.12,41.136194,-84.905111
MATTHEWS INTERNATIONAL CORP,US,26.68,40.48822,-79.86871
KRAFT HEINZ FOODS CO,US,3.11,40.249865,-81.869726
KRAFT FOODS GROUP INC DAVENPORT,US,4.05,41.519722,-90.593056
KRAFT HEINZ FOOD CO,US,1.75,44.033053,-116.957188
ARCONIC INC,US,1.39,44.950425,-74.893685
ALCOA USA CORP.,US,5.98,44.965835,-74.8935
NESTLE PURINA PETCARE,US,18.5,39.94032,-82.01195
NESTLE PURINA PETCARE CO,US,0.63,41.82362,-90.24074
NESTLE PURINA PETCARE CO DAVENPORT FACTORY,US,5.05,41.51459,-90.60816
NESTLE PURINA PETCARE CO,US,1.4,39.72,-94.89064
NESTLE PURINA  PETCARE,US,0.07,39.72574,-94.86817
NESTLE PURINA PETCARE,US,18.5,39.94032,-82.01195
NESTLE PURINA PETCARE CO,US,0.63,41.82362,-90.24074
NESTLE PURINA PETCARE CO DAVENPORT FACTORY,US,5.05,41.51459,-90.60816
NESTLE PURINA PETCARE CO,US,1.4,39.72,-94.89064
NESTLE PURINA  PETCARE,US,0.07,39.72574,-94.86817
NESTLE PURINA PETCARE,US,18.5,39.94032,-82.01195
NESTLE PURINA PETCARE CO,US,0.63,41.82362,-90.24074
NESTLE PURINA PETCARE CO DAVENPORT FACTORY,US,5.05,41.51459,-90.60816
NESTLE PURINA PETCARE CO,US,1.4,39.72,-94.89064
NESTLE PURINA  PETCARE,US,0.07,39.72574,-94.86817
SAGINAW METAL CASTING OPERATIONS,US,3.74,43.4503,-83.920477
GM MLCG FAIRFAX ASSEMBLY,US,2.72,39.147533,-94.601884
WASTE MANAGEMENT OF LA LLC/RELIABLE LANDFILL,US,6.91,30.576513,-91.530547
Magnolia Landfill,US,1.09,32.478456,-91.991875
GROWS LDFL WASTE MGMT,US,3.02,40.159344,-74.776695
WASTE MANAGEMENT OF TUNICA LANDFILL INC,US,3.65,34.787667,-90.248278
BURNSVILLE SANITARY LANDFILL,US,1.64,44.785343,-93.318085
WASTE MGMT OF OK/EAST OAK LNDFLL,US,0.34,35.50851,-97.41887
Milam Recycling and Disposal Facility,US,4.72,38.655,-90.125
MARATHON PETROLEUM CO - FLOREFFE PA ASPHALT TERMINAL,US,30,40.2584,-79.91518
MPLX TERMINALS LLC - MIDLAND PA TERMINAL,US,0.65,40.630066,-80.441732
MPLX TERMINALS LLC - CHARLESTON WV TERMINAL,US,18.84,38.350308,-81.644803
MPLX TERMINALS LLC - KENOVA WV TERMINAL,US,2.14,38.405553,-82.587875
BLANCHARD TERMINAL CO - JACKSONVILLE FL TERMINAL,US,1.13,30.414301,-81.605399
MPLX TERMINALS LLC - MONTGOMERY AL TERMINAL,US,0.33,32.35207,-86.38572
MARATHON PETROLEUM CO - NASHVILLE TN ASP TERMINAL,US,16.45,36.203812,-86.808617
MPLX TERMINALS LLC - NASHVILLE DOWNTOWN TN TERMINAL,US,12.35,36.16964,-86.77424
MPLX TERMINALS LLC - NASHVILLE BORDEAUX TN TERMINAL,US,30,36.184453,-86.83323
MARATHON PETROLEUM CO - KNOXVILLE TN ASP TERMINAL,US,23.1,35.959661,-83.909117
MPLX TERMINALS LLC - LOUISVILLE ALGON KY TERMINAL,US,1.48,38.230684,-85.82979
MPLX TERMINALS LLC - LOUISVILLE KRAMERS KY TERMINAL,US,1.5,38.204774,-85.848909
MARATHON PETROLEUM CO - LOUISVILLE CANE RUN TERMINAL,US,17.53,38.129963,-85.902096
MPLX TERMINALS LLC - COVINGTON KY TERMINAL,US,21.19,39.052628,-84.499758
CATLETTSBURG REFINING LLC,US,15.05,38.377246,-82.597162
MPLX TERMINALS LLC - STEUBENVILLE OH TERMINAL,US,5.5,40.399849,-80.627373
MARATHON PETROLEUM CO - WELLSVILLE OH ASP TERMINAL,US,1.43,40.5931,-80.6619
MPLX TERMINALS LLC - MARIETTA OH TERMINAL,US,30,39.38045,-81.49454
MPLX TERMINALS LLC - BAY CITY MI TERMINAL,US,0.12,43.61854,-83.86544
MARATHON PETROLEUM CO LP,US,0.76,30.06132,-90.59353
MT. AIRY TERMINAL LLC,US,12.14,30.05392,-90.64396
TESORO - STOCKTON TERMINAL,US,2.83,37.942247,-121.334689
MPC ALASKA TERMINAL CO LLC- NORTH POLE,US,0.37,64.737264,-147.34844
BIG HEART PET BRANDS INC,US,1.94,41.02607,-76.34545
BIG HEART PET BRANDS,US,1.4,39.08669,-95.72497
TESLA INC,US,1.95,37.79983,-121.29663
OLIN CORP,US,2.22,43.081417,-79.026667
OLIN CORP CHARLESTON PLANT,US,10.5,35.30749,-84.78167
OLIN WINCHESTER LLC MAIN PLANT,US,0.8,38.888368,-90.112807
BLUE CUBE OPERATIONS LLC - PLAQUEMINE SITE,US,3.78,30.313897,-91.240605
PIONEER AMERICAS LLC (DBA OLIN CHLOR ALKALI PRODUCTS),US,3.8,30.241508,-91.105631
OLIN RUSSELLVILLE CELL TECHNOLOGIES LLC,US,18.27,35.2369,-93.1521
FREEPORT_OLIN BC,US,5.2,28.969389,-95.379528
IPSCO TUBULARS (KENTUCKY) INC,US,20.01,39.060278,-84.495833
IPSCO TUBULARS INC,US,2.78,35.949375,-89.732799
MAVERICK TUBE CORP,US,5.42,35.934288,-89.758328
Tenaris Bay City. Inc.,US,0.02,29.006275,-95.888058
IPSCO TUBULARS (KENTUCKY) INC,US,20.01,39.060278,-84.495833
IPSCO TUBULARS INC,US,2.78,35.949375,-89.732799
MAVERICK TUBE CORP,US,5.42,35.934288,-89.758328
Tenaris Bay City. Inc.,US,0.02,29.006275,-95.888058
KMA MANUFACTURING LLC,US,15.13,40.679768,-80.338674
KMA MANUFACTURING LLC,US,15.13,40.679768,-80.338674
USS-CLAIRTON PLANT,US,24.5,40.305088,-79.876911
USS MON VALLEY WORKS - EDGAR THOMSON PLANT,US,10.12,40.395902,-79.863382
US STEEL CORP GREAT LAKES WORKS,US,0.73,42.2774,-83.1103
U.S. STEEL GRANITE CITY WORKS,US,2.81,38.6954,-90.1367
USS-UPI LLC,US,0.35,38.027981,-121.872765
US Steel - Great Lakes Works,US,0.68,42.2581,-83.13859
USS-CLAIRTON PLANT,US,24.5,40.305088,-79.876911
USS MON VALLEY WORKS - EDGAR THOMSON PLANT,US,10.12,40.395902,-79.863382
US STEEL CORP GREAT LAKES WORKS,US,0.73,42.2774,-83.1103
U.S. STEEL GRANITE CITY WORKS,US,2.81,38.6954,-90.1367
USS-UPI LLC,US,0.35,38.027981,-121.872765
US Steel - Great Lakes Works,US,0.68,42.2581,-83.13859
HARSCO METALS - NATRONA,US,18.18,40.61659,-79.72219
HARSCO METALS - BRI,US,24.12,40.391532,-79.852382
HARSCO METALS - GALLATIN,US,10.67,38.758952,-84.995838
HARSCO MINERALS OF KY. LLC,US,8.27,38.727778,-85.072222
HARSCO METALS - HICKMAN,US,5.91,35.944444,-89.716667
HARSCO METALS - NYS,US,4.35,35.888456,-89.784019
HATFIELD POWER STATION,US,24.06,39.856813,-79.929504
ALLEGHENY ENERGY INC ARMSTRONG POWER STATION,US,17.74,40.9294,-79.4671
ALLEGHENY ENERGY INC R. PAUL SMITH POWER STATION,US,25.1,39.5953,-77.8271
FORT MARTIN POWER STATION,US,1.21,39.7107,-79.9275
SHERWIN-WILLIAMS CO,US,28.53,40.472291,-80.042832
SHERWIN-WILLIAMS CO,US,8.75,42.255396,-89.095155
BRISTOL METALS LLC - MUNHALL PLANT,US,30,40.409054,-79.891678
MCCONWAY & TORLEY LLC PLT 1801,US,30,40.478427,-79.961293
ARCOSA MARINE PRODUCTS INC PLT  296,US,3.76,36.220565,-87.002
ARCOSA MARINE PRODUCTS INC PLT 1245,US,20.4,37.018667,-88.494917
ARCOSA MARINE PRODUCTS INC PLT  73,US,4.06,36.228451,-89.701149
ARCOSA MARINE PRODUCTS INC. PLT  75,US,1.44,36.212292,-89.686531
ARCOSA MARINE PRODUCTS INC PLT 1038,US,2.8,30.415278,-90.157604
ARCOSA LW BR LLC GRAVELITE,US,6.49,30.534915,-91.418809
ARCOSA MARINE COMPONENTS LLC (PLANT - 1080 DBA WINTECH),US,0.95,32.550928,-93.653664
STEEL DYNAMICS INC. - TECHS DIV - GALVTECH PLANT,US,6.18,40.39274,-79.93293
SWVA INC,US,22.73,38.425484,-82.433269
STEEL DYNAMICS INC.,US,2.44,38.3229,-85.673182
SWVA. INC.,US,22.73,38.4265,-82.42532
SHENANGO INC,US,15.87,40.496083,-80.078032
DTE ELECTRIC CO-BELLE RIVER POWER PLANT,US,3.83,42.772523,-82.512273
DTE ELECTRIC CO - TRENTON CHANNEL POWER PLANT,US,3.1,42.1237,-83.1812
EES COKE BATTERY LLC,US,0.73,42.2811,-83.1113
DTE STONEMAN LLC GENERATING STATION,US,25.11,42.7083,-90.9853
DTE East China,US,1.37,42.774,-82.4818
Shenango Incorporated,US,15.87,40.4967,-80.0756
DTE Calvert City. LLC,US,5.67,37.0467,-88.3506
DTE Stockton,US,10.06,37.9416,-121.3273
Conners Creek,US,1.14,42.3597,-82.9611
St. Clair,US,6.19,42.7642,-82.4719
Belle River,US,1.84,42.7748,-82.4945
HALLIBURTON WILLISTON BAROID,US,0.6,48.16141,-103.6048
HALLIBURTON LAROSE GRINDING PLANT,US,1.34,29.56677,-90.38416
MULTI-CHEM GROUP GEISMAR LA FACILITY,US,5.07,30.22888,-91.02374
HALLIBURTON BOSSIER CITY FIELD CAMP,US,2.74,32.528415,-93.666502
HALLIBURTON GRAND JUNCTION FIELD CAMP,US,1.55,39.06281,-108.46031
CATERPILLAR REMANUFACTURING DRIVETRAIN LLC,US,0.23,46.87732,-96.92402
CATERPILLAR INC RUBBER PROCESS FACILITY,US,0.07,40.673026,-89.614811
CATERPILLAR INC. - NLR,US,2.06,34.747667,-92.159972
PIERCE MANUFACTURING INC,US,0.02,44.243301,-88.4701
MCNEILUS TRUCK & MANUFACTURING INC,US,0.01,33.41488,-111.98834
DOMTAR PAPER CO LLC-PLYMOUTH MILL,US,7.63,35.861716,-76.779683
DOMTAR PAPER CO LLC HAWESVILLE MILL,US,1.68,37.894847,-86.685793
DOMTAR AW LLC NEKOOSA MILL,US,3.26,44.3143,-89.8962
Domtar Paper Company LLC - Plymouth,US,7.63,35.8628,-76.7831
HOLLYFRONTIER TULSA REFINING LLC EAST FACILITY,US,3.42,36.1184,-96.0011
HOLLYFRONTIER TULSA REFINING WEST FACILITY,US,2.6,36.1396,-96.0149
TRINITY CONTAINERS LLC PLANT NO 1593,US,0.19,46.87685,-96.89212
TRINITY MARINE PRODUCTS INC PLT 48,US,8.72,30.38831,-91.31271
EMERSON POWER TRANSMISSION CORP GEARCO,US,22.41,38.643056,-83.740278
EMERSON ELECTRIC CO,US,0.02,36.24594,-90.06629
EMERSON AUTOMATION SOLUTIONS,US,3.2,26.191419,-97.61862
GRACO INC-ANOKA,US,1.31,45.22151,-93.41706
GRACO MINNESOTA INC - MINNEAPOLIS,US,7.77,44.99746,-93.27053
GRACO INC SIOUX FALLS,US,0.02,43.58454,-96.72139
INTERNATIONAL PAPER- NEW BERN MILL,US,0.46,35.212247,-77.114823
FAULKVILLE CHIPMILL,US,2.25,32.14831,-81.35617
INTERNATIONAL PAPER CO,US,4.24,40.62363,-91.33036
TIN INC (DBA TEMPLE INLAND WEST MEMPHIS),US,2.52,35.15615,-90.17923
International Paper - Roanoke Rapids Landfill,US,4.63,36.462894,-77.636997
MULTI-CHEM GROUP-GARDEN CITY,US,0.13,37.98943,-100.92618
MULTI-CHEM GROUP LLC,US,2.65,41.57002,-109.24191
BENTONITE PERFORMANCE MINERALS-COLONY,US,1.16,44.68109,-103.8518
BLUESCOPE BUILDINGS N.A. INC.,US,3.91,39.718891,-94.89196
WABASH NATIONAL,US,1.09,45.98136,-94.36867
GARSITE LLC,US,3.4,39.08918,-94.63532
EAGLE NATRIUM LLC,US,30,39.747206,-80.851833
WESTLAKE PVC CORP,US,5.67,37.045833,-88.350556
WESTLAKE VINYLS INC,US,4.67,37.051111,-88.334167
WESTLAKE VINYLS CO,US,3.26,30.208604,-91.011128
AXIALL LLC,US,5.14,30.262255,-91.185837
EAGLE US 2 LLC - LONGVIEW,US,4.49,46.132118,-122.986557
Axiall. LLC,US,5.14,30.265426,-91.18419
WESTLAKE VINYLS INC,US,6.67,37.04659,-88.32708
TYCO FIRE PRODUCTS LP,US,5.76,45.09713,-87.61406
CAMPBELL SOUP SUPPLY CO LLC,US,12.96,41.39771,-84.10834
SACRAMENTO- CAMPBELL SOUP SUPPLY CO,US,0.08,38.510556,-121.467222
ARMSTRONG WORLD INDUSTRIES INC MILLWOOD WV,US,2.64,38.90845,-81.83725
ARMSTRONG WORLD INDUSTRIES INC,US,5.83,45.839765,-122.819295
ANDRITZ INC.,US,8.18,41.203662,-76.791819
SPX TRANSFORMER SOLUTIONS,US,0.52,32.82794,-96.88244
STARMARK CABINETRY,US,0.02,43.589358,-96.718782
MASTERBRAND CABINETS INC-GRANTS PASS OPERATIONS,US,5.67,42.432983,-123.319699
INSTEEL WIRE PRODUCTS,US,5.46,36.558472,-89.210306
MASTER HALCO,US,2.88,35.106306,-90.195806
MASTER HALCO,US,2.88,35.106306,-90.195806
GELEST INC,US,1.25,40.17918,-74.76473
UGI DEVELOPMENT CO HUNLOCK CREEK ENERGY CENTER,US,10.15,41.201997,-76.070093
Hunlock Unit 4,US,10.15,41.2033,-76.0683
Hunlock Creek Energy Center,US,10.15,41.2033,-76.0683
ROHM & HAAS CHEMICALS LLC,US,0.65,40.09384,-74.87413
UNION CARBIDE CORP SOUTH CHARLESTON FACILITY,US,15.75,38.3693,-81.6831
ROHM & HAAS - LOUISVILLE PLANT,US,1.5,38.2123,-85.8481
ST CHARLES OPERATIONS (TAFT/STAR) UNION CARBIDE CORP,US,1.15,29.9829,-90.4437
THE DOW CHEMICAL CO GRAND BAYOU OPERATIONS,US,7.86,30.008388,-91.110964
THE DOW CHEMICAL CO - LOUISIANA OPERATIONS,US,2.63,30.320903,-91.239015
KIMBERLY-CLARK CORP MARINETTE,US,4.47,45.10477,-87.64984
U S SMOKELESS TOBACCO CO,US,2.38,36.16855,-86.78832
AGILENT TECHNOLOGIES INC,US,16.18,38.652835,-121.186949
VIRGINIA CONCRETE-SOUTHWEST DC PLANT,US,2.69,38.86822,-77.00917
VULCAN MATERIALS CO,US,5.3,33.455686,-111.85783
VULCAN MATERIALS CO,US,0.84,33.398288,-112.34045
BELLEMEADE POWER STATION,US,4.28,37.496667,-77.432222
CHESTERFIELD POWER STATION,US,1.05,37.3821,-77.3779
DOMINION ENERGY SOUTH CAROLINA - WATEREE STATION,US,7.8,33.826704,-80.622177
DOMINION ENERGY SOUTH CAROLINA - JASPER GENERATING STATION,US,1.2,32.359454,-81.123987
McMeekin,US,1.69,34.0533,-81.2178
Urquhart,US,6.97,33.435,-81.9111
Dominion Energy Wexpro - Central Western Overthrust (Prod),US,3.03,40.76497,-111.92439
Dominion Energy Wexpro - Green River Basin (Prod),US,3.03,40.76497,-111.92439
Dominion Energy Wexpro - Green River Basin (Gath),US,3.03,40.76497,-111.92439
Dominion Energy Questar - Transmission Pipelines (TPL),US,3.03,40.76497,-111.92439
TENNECO AUTOMOTIVE OPERATING CO INC.,US,4.21,39.137106,-94.553793
AGRIUM US INC,US,1.47,36.53134,-89.56908
AGRIUM US INC KENNEWICK FERTILIZER OPERATION,US,1.02,46.165957,-119.017218
GREEN PLAINS MADISON LLC,US,6.2,38.67995,-90.17185
GREEN PLAINS CENTRAL CITY LLC,US,0.16,41.1111,-97.9727
COMMERCIAL VEHICLE GROUP,US,1.53,45.562411,-122.703874
CELANESE ACETATE LLC - CELCO PLANT,US,17.66,37.3451,-80.76293
CELANESE LTD BAY CITY PLANT,US,0.22,28.861921,-96.020763
Celanese Acetate LLC - Manufacturing Processes,US,17.66,37.3451,-80.764
NORTH AMERICAN GALVANIZING COMPANY -WHEELING,US,30,40.01542,-80.73439
AZZ GALVANIZING - CHATTANOOGA LLC,US,11.65,35.0483,-85.63824
AZZ GALVANIZING SERVICES-MOSS POINT,US,2.83,30.433333,-88.541667
HOBSON GALVANIZING INC,US,6.92,29.84316,-90.03898
AZZ GALVANIZING - MORGAN CITY,US,2.98,29.691041,-91.269827
WESTSIDE GALVANIZING SERVICES INC,US,4.61,30.499318,-91.226875
AZZ GALVANIZING-TULSA,US,2.53,36.133313,-96.014564
DIXIE INDUSTRIES,US,5.68,35.07903,-85.25063
DIXIE INDUSTRIES,US,5.85,35.03084,-85.28528
HITACHI ENERGY USA INC.,US,5.93,38.59975,-92.15561
HITACHI ENERGY USA INC.,US,5.93,38.59975,-92.15561
LEAR CORP,US,24.07,39.967781,-81.992231
BWXT NUCLEAR OPERATIONS GROUP INC.,US,1.78,37.408549,-79.051827
GRIFFIN PIPE PRODUCTS CO,US,30,37.420815,-79.140968
FORTERRA CONCRETE INDUSTRIES INC. - LOUISVILLE,US,1.5,38.20362,-85.84253
FORTERRA PIPE & PRECAST - WEST DES MOINES,US,5.47,41.566763,-93.717941
FORTERRA CONCRETE PRODUCTS - HUMBOLDT,US,2.03,42.67957,-94.20721
FORTERRA CONCRETE PRODUCTS - SHAKOPEE,US,2.39,44.793932,-93.428003
FORTERRA CONCRETE PRODUCTS - BONNER SPRINGS,US,2.89,39.05609,-94.86007
FORTERRA PIPE & PRECAST - LAPLACE,US,1.99,30.05261,-90.46986
FORTERRA PIPE & PRECAST - NEW ORLEANS,US,1.2,30.018019,-89.930914
FORTERRA PIPE & PRECAST - SAINT MARTINVILLE,US,2.29,30.123906,-91.834763
FORTERRA PIPE & PRECAST - WEST MEMPHIS,US,3.04,35.13548,-90.17962
FORTERRA PIPE & PRECAST - AUSTIN,US,0.06,30.25529,-97.69279
FORTERRA PRECAST CONCEPTS INC,US,2.03,39.09898,-108.62481
HAVERHILL COKE CO LLC,US,1.82,38.5973,-82.8271
GATEWAY ENERGY & COKE CO,US,6.8,38.69693,-90.130569
TOYOTA MOTOR MANUFACTURING WEST VIRGINIA INC,US,2.06,38.591986,-82.00236
TOYOTA MOTOR MANUFACTURING WEST VIRGINIA INC,US,2.06,38.591986,-82.00236
TOYOTA MOTOR MANUFACTURING WEST VIRGINIA INC,US,2.06,38.591986,-82.00236
ZOETIS LLC,US,4.09,39.353336,-81.313411
HINO MOTORS MANUFACTURING USA INC.,US,9.34,39.209743,-81.524367
HINO MOTORS MANUFACTURING USA INC,US,13.04,39.39295,-81.47016
HINO MOTORS MFG. USA INC.,US,0.58,35.17575,-90.258556
HINO MOTORS MANUFACTURING USA INC.,US,9.34,39.209743,-81.524367
HINO MOTORS MANUFACTURING USA INC,US,13.04,39.39295,-81.47016
HINO MOTORS MFG. USA INC.,US,0.58,35.17575,-90.258556
NORTHWEST PIPE CO,US,7.96,39.25241,-81.68408
NORTHWEST PIPE CO,US,1.03,32.51973,-93.72573
PERMALOK A NORTHWEST PIPE CO,US,0.01,40.75473,-111.905361
NORTHWEST PIPE CO,US,1.02,45.608469,-122.77315
WEYERHAEUSER NR CO - LUMBER TECHNOLOGIES,US,3.58,35.858814,-76.790571
WEYERHAEUSER NR,US,0.38,48.23014,-114.28748
WEYERHAEUSER NR - LONGVIEW LUMBER,US,5.41,46.125813,-122.970958
DAIMLER TRUCKS NA LLC,US,3.03,45.572771,-122.715265
DAIMLER TRUCKS NA LLC,US,3.03,45.572771,-122.715265
DUKE ENERGY PROGRESS LLC - H F LEE ENERGY COMPLEX,US,7.6,35.37991,-78.087688
DUKE ENERGY PROGRESS INC  - CAPE FEAR STEAM ELECTRIC PLANT,US,8.4,35.595,-79.0492
DUKE ENERGY CAROLINAS LLC - BUCK STEAM STATION,US,7.58,35.7133,-80.3767
DUKE ENERGY PROGRESS LLC - L V SUTTON ENERGY COMPLEX,US,1.4,34.283317,-77.985226
DUKE ENERGY KENTUCKY INC. - EAST BEND GENERATING STATION,US,4.93,38.904444,-84.848333
DUKE ENERGY OHIO. INC. - W.C. BECKJORD STATION,US,27.84,38.9914,-84.29757
DUKE ENERGY INDIANA INC-GALLAGHER GENERATING STATION,US,8.84,38.2636,-85.8381
DUKE ENERGY INDIANA INC. - EDWARDSPORT IGCC,US,2.38,38.8067,-87.2472
DUKE ENERGY INDIANA INC - WABASH RIVER GENERATING STATION,US,0.72,39.53,-87.4247
Cape Fear Steam Electric Plant,US,8.4,35.595,-79.0492
Edwardsport,US,2.38,38.8067,-87.2472
Duke Energy Kentucky Gas Operation,US,11.09,39.106635,-84.536323
INGREDION INC,US,13.86,41.969368,-91.665804
INGREDION,US,2.47,40.564988,-89.72871
INGREDION INC,US,4.41,39.125992,-94.57328
PENTAIR  - KANSAS CITY OPERATION,US,6.07,39.08783,-94.67105
KEEBLER CO,US,2.81,39.13886,-84.39379
KELLOGG CO,US,3.96,39.1466,-94.62417
JOHN DEERE WATERLOO WORKS DRIVETRAIN OPERATIONS AND FOUNDRY,US,26.08,42.5018,-92.3554
JOHN DEERE OTTUMWA WORKS,US,0.44,41.00494,-92.41417
JOHN DEERE HARVESTER WORKS EAST MOLINE,US,4.46,41.527287,-90.434681
JOHN DEERE SEEDING & CYLINDER,US,4.89,41.50845,-90.53296
JOHN DEERE COFFEYVILLE WORKS A DIV OF DEERE & COMPAN,US,0.65,37.097,-95.58611
JOHN DEERE THIBODAUX,US,2.08,29.80743,-90.82977
JOHN DEERE FNDRY WATERLOO,US,26.08,42.501944,-92.357778
BUTTERBALL LLC,US,1.08,35.42228,-93.730774
BUTTERBALL. LLC,US,1.04,35.485194,-93.819694
DENSO MANUFACTURING ARKANSAS,US,5.96,35.700778,-90.038139
DENSO MANUFACTURING ARKANSAS,US,5.96,35.700778,-90.038139
ELKHART PLASTICS INC.,US,0.06,39.55929,-105.04184
HAMMOND STEAM ELECTRIC GENERATING PLANT,US,3.25,34.249889,-85.345944
KRAFT STEAM ELECTRIC GENERATING PLANT,US,3.89,32.149444,-81.145139
MITCHELL STEAM ELECTRIC GENERATING PLANT,US,10.4,31.444474,-84.134486
E. C. GASTON ELECTRIC GENERATING PLANT,US,1.18,33.243803,-86.459093
GORGAS STEAM PLANT,US,17.81,33.644855,-87.19986
GADSDEN STEAM PLANT,US,12.93,34.01272,-85.97005
BARRY STEAM PLANT,US,3.32,31.0043,-88.0141
GREENE COUNTY STEAM PLANT,US,9.73,32.6023,-87.7859
MISSISSIPPI POWER CO - PLANT DANIEL,US,0.47,30.530331,-88.556208
Kraft,US,3.89,32.1486,-81.1458
SONOCO PRODUCTS CO,US,8.42,42.1936,-72.60794
SONOCO PRODUCTS CO,US,5.6,36.01745,-83.20576
SONOCO FLEXIBLE PACKAGING,US,3.46,39.56484,-84.31567
SONOCO PRODUCTS CO,US,10,42.450986,-89.07421
STATE INDUSTRIES INC.,US,13.68,36.269707,-87.066705
CENTURY ALUMINUM OF KENTUCKY,US,5.89,37.933024,-86.79153
CENTURY ALUMINUM OF KENTUCKY,US,2.87,37.94499,-86.78777
KOSMOS CEMENT CO LLC,US,3.39,38.034696,-85.90601
CENTRAL PLAINS CEMENT CO - SUGAR CREEK PLANT,US,16.08,39.144325,-94.416723
WOODWARD INC,US,1.67,42.304209,-89.055549
ELECTROLUX HOME PRODUCTS INC.,US,3.19,35.06074,-90.154989
CHART ENERGY & CHEMICALS INC.,US,0.54,29.927983,-91.829285
ASTEC,US,2.85,34.98409,-85.28828
ROADTEC INC (RIVERSIDE DRIVE PLANT),US,6.68,35.076118,-85.259148
ASTEC - MANUFACTURERS ROAD,US,27.84,35.054489,-85.329048
ASTEC INC,US,11.85,34.996368,-85.300491
HEATEC INC.,US,10.85,34.988217,-85.309048
DILLMAN EQUIPMENT INC,US,7.4,43.067599,-91.150625
RESOLUTE FP US INC COOSA PINES OPERATIONS,US,2.11,33.326675,-86.35787
RESOLUTE FP US INC - CALHOUN OPERATIONS,US,3.43,35.2963,-84.7566
CORTEVA FREEPORT OPERATIONS,US,0.26,28.95587,-95.33697
PLATTE CHEMICAL CO,US,0.36,33.416667,-91
ACTAGRO LLC,US,0.44,35.690028,-89.989194
LOVELAND PRODUCTS,US,1.09,40.449722,-104.779722
VERTEX CHEMICAL CORP,US,3.63,41.804528,-90.234694
HAWKINS INC. - CAMANCHE,US,0.62,41.803379,-90.245581
HAWKINS WATER TREATMENT GROUP - RED ROCK,US,9.98,44.898528,-93.017
HAWKINS INC. - DUPO,US,2.8,38.523114,-90.213447
GRANITE CONSTRUCTION CO,US,2.22,48.018055,-122.181946
AAR LANDING GEAR SERVICES,US,4.31,25.863889,-80.349167
MOSAIC PHOSPHATES CO FAUSTINA PLANT,US,11.47,30.085,-90.914722
MOSAIC FERTILIZER LLC UNCLE SAM PLANT,US,5.71,30.019619,-90.769063
Mosaic Uncle Sam Facility,US,5.71,30.02,-90.77
Tampa Port Services,US,6.5,30.00583,-90.877047
SYPRIS TECHNOLOGIES INC,US,1.48,38.24961,-85.79873
HIBBARD RENEWABLE ENERGY CENTER,US,1.8,46.735741,-92.152365
Hibbard Energy Center,US,1.8,46.7356,-92.1531
Rapids Energy Center,US,5.91,47.263975,-93.62817
THE ANDERSONS INC. - SERGEANT BLUFF,US,0.07,42.310651,-96.361449
THE ANDERSONS INC - SIOUX CITY,US,5.17,42.48715,-96.39377
AMVAC CHEMICAL CORP,US,5.37,39.83192,-91.432436
WACKER CHEMICAL CORP POLYMERS DIV,US,2.67,37.044796,-88.349313
ROTEX GLOBAL LLC,US,11.1,39.16151,-84.5304
KOMATSU AMERICA CORP,US,4.33,40.708333,-89.561878
KOMATSU AMERICA CORP,US,4.33,40.708333,-89.561878
MARATHON ELECTRIC-REGAL BELOIT CORP,US,0.57,35.928446,-89.860452
VALERO REFINING CO - TENNESSEE L.L.C.,US,2.02,35.085843,-90.083385
VALERO LOUISVILLE TERMINAL,US,0.49,38.22342,-85.83375
PREMCOR HARTFORD DISTRIBUTION CENTER,US,2.65,38.835556,-90.086111
VALERO REFINING - NEW ORLEANS LLC,US,3.3,29.985278,-90.392778
VALERO REFINING - MERAUX LLC MERAUX REFINERY,US,2.78,29.930517,-89.940643
VALERO PARTNERS LA LLC- TERMINAL,US,9.32,29.981281,-90.392747
VALERO PARTNERS LLC,US,2.78,29.930517,-89.940643
VALERO DONALDSONVILLE ASPHALT TERMINAL,US,3.64,30.100477,-90.918154
VALERO THREE RIVERS REFINERY,US,6.53,28.456667,-98.190277
VALERO ENERGY PARTNERS THREE  RIVERS,US,6.53,28.456667,-98.190277
CONAGRA FOODS PACKAGED FOODS LLC - COUNCIL BLUFFS,US,0.4,41.25153,-95.85069
ConAgra Foods Inc.,US,13.42,41.01228,-76.85868
ALON REFINING KROTZ SPRINGS INC,US,2.98,30.526504,-91.748383
CAMERON INTERNATIONAL CORP,US,3.04,29.707138,-91.261606
CAMERON INTERNATIONAL CORP,US,3.9,29.680325,-91.277687
SCHLUMBERGER ROSHARON CAMPUS,US,0.01,29.368373,-95.441468
CF INDUSTRIES NITROGEN LLC-PORT NEAL NITROGEN COMPLEX,US,1.24,42.32786,-96.36489
CF INDUSTRIES NITROGEN LLC,US,1.72,30.098563,-90.95599
TERRA INTERNATIONAL (OKLAHOMA) LLC.,US,0.74,36.443639,-99.366
TERRA NITROGEN L.P. VERDIGRIS PLANT,US,17.11,36.233516,-95.719098
CF INDUSTRIES NITROGEN. LLC - DONALDSONVILLE NITROGEN COMPLEX,US,3.41,30.086917,-90.957861
CF Industries Nitrogen. LLC - Yazoo City Facility,US,3.26,32.928056,-90.407222
LOUISVILLE GAS & ELECTRIC CO. - TRIMBLE COUNTY STATION,US,4.82,38.584751,-85.411645
LOUISVILLE GAS & ELECTRIC CO - CANE RUN STATION,US,1.51,38.1815,-85.8868
LOUISVILLE GAS & ELECTRIC CO. - MILL CREEK STATION,US,0.49,38.0501,-85.9076
Paddys Run,US,1.5,38.2147,-85.8453
VERTEX REFINING LA LLC,US,5.36,29.90529,-90.10199
TXI-WILMER READY MIX,US,3.15,32.609787,-96.639265
TXI-CORINTH STREET READY MIX,US,0.98,32.761231,-96.793227
TXI-SPANGLER CTM,US,0.74,32.87262,-96.91316
TXI-SPANGLER ROAD READY MIX,US,0.74,32.87268,-96.91317
BELTON READY MIX,US,0.1,31.053095,-97.441693
TXI - PORTABLE FREEPORT PTF,US,1.85,28.97637,-95.325041
TXI-GREEN PORTABLE READY MIX,US,0.64,30.236588,-97.612875
TXI-GREEN READY MIX,US,0.39,30.22781,-97.61208
MARTIN MARIETTA BRIGHTON READY MIX,US,1.68,40.014029,-104.818395
MARTIN MARIETTA GREELEY 35TH AVE,US,0.13,40.44849,-104.7348
SOUTH VALLEY MATERIALS INC-HANFORD RMC,US,0.08,36.3135,-119.59773
CALAVERAS MATERIALS INC - LATHROP RMC,US,0.14,37.82639,-121.26596
VALLOUREC STAR LP,US,12.12,35.793085,-95.302058
ERAMET MARIETTA INC,US,5.09,39.372906,-81.523579
ROLL FORMING CORP,US,1.59,38.327013,-85.669185
FEDERAL CARTRIDGE CO-CCI,US,5.36,46.396389,-117.035004
FEDERAL CARTRIDGE COMPANY-OROVILLE OPERATIONS,US,2.2,39.49889,-121.5678
F B Culley Generating Station,US,3.08,37.91,-87.3267
Indiana Gas Company,US,8.03,37.973424,-87.575423
Vectren Energy Delivery of Ohio,US,8.03,37.973424,-87.575423
BC COBB GENERATING PLANT,US,1.36,43.254978,-86.241827
Dan E Karn,US,2.2,43.6425,-83.8431
DE KARN JC WEADOCK GENERATING PLANT,US,2.2,43.642,-83.8421
SAF-HOLLAND INC DUMAS,US,0.06,33.865391,-91.486523
PRAIRIE CREEK GENERATING STATION,US,3.93,41.9441,-91.6392
BURLINGTON GENERATING STATION,US,1.9,40.7411,-91.1171
M L KAPP GENERATING STATION,US,3.63,41.80768,-90.23412
NELSON DEWEY GENERATING STATIO N,US,11.51,42.722872,-91.008333
Nelson Dewey,US,11.51,42.7225,-91.0085
Interstate Power & Light Gas Distribution,US,19.36,41.97704,-91.66872
Rock River,US,8.64,42.5831,-89.0292
Interstate Power & Light - MN Gas Distribution,US,13.86,41.97464,-91.659066
REG SENECA LLC,US,6.58,41.306698,-88.590197
REG GEISMAR LLC,US,1.1,30.203595,-91.009457
REG GRAYS HARBOR LLC,US,0.82,46.968086,-123.854139
DIAMOND ANIMAL HEALTH,US,1.54,41.561225,-93.529777
MCDERMOTT INC,US,0.24,29.650488,-91.1001
JEBRO INC,US,2.25,42.431445,-96.382209
KNIFE RIVER LITTLE FALLS SOUTH READY MIX,US,0.01,45.95692,-94.36323
KNIFE RIVER CORP N CENTRAL BAXTER,US,1.26,46.3492,-94.23913
CONCRETE MATERIALS COMPANY-YANKTON,US,0.08,42.887101,-97.355848
JTL GROUP-KALISPELL DBA KNIFE RIVER - KALISPELL,US,0.18,48.262319,-114.25542
KNIFE RIVER PLANT #5,US,1.56,42.473776,-96.540833
NOTUS PIT,US,0.79,43.701378,-116.78735
WHEATLAND CONCRETE,US,8.64,45.093649,-123.028739
MDU RESOURCES KNIFE RIVER SUNDIAL ASPHALT,US,5.92,45.563343,-122.408729
SALEM ASPHALT,US,5.64,45.0617,-123.005118
MDU CORVALLIS ASPHALT,US,1.98,44.56329,-123.2415
MDU RESOURCES EUGENE CONCRETE,US,6.06,44.099166,-123.10818
KIRTLAND CONCRETE,US,18.51,42.42843,-122.963877
MDU RESOURCES KLAMATH FALLS CONCRETE,US,0.94,42.181815,-121.770919
TUMALO CONCRETE,US,12.42,44.142197,-121.330615
KNIFE RIVER SPOKANE PRESTRESS,US,1.49,47.665505,-117.336304
Lewis & Clark,US,9.48,47.6788,-104.1569
SIEMENS GAMESA RENEWABLE ENERGY INC.,US,0.96,40.5826,-91.4287
BAYER CROPSCIENCE LP,US,1.09,41.350469,-91.081619
BAYER CROPSCIENCE,US,4.1,39.121472,-94.473417
BAYER CROPSCIENCE LP,US,4.4,29.92444,-90.352217
Bayer CropScience LP,US,1.68,41.35216,-91.08383
FRENCH ISLAND PLANT,US,0.85,43.8291,-91.2597
XCEL ENERGY BLACK DOG GENERATING PLANT,US,13.71,44.810639,-93.250252
PUBLIC SERVICE CO OF COLORADO CHEROKEE STATION,US,0.93,39.807769,-104.964802
PUBLIC SERVICE COMPANY OF COLORADO ARAPAHOE STATION,US,0.6,39.66915,-104.99942
XCEL ENERGY RIVERSIDE GENERATING PLANT,US,0.01,45.0201,-93.2744
DAKTRONICS INC,US,0.1,43.59469,-96.71935
BLACK HILLS ENERGY - WN CLARK STAT ION,US,2.07,38.4347,-105.2507
AQUILA. INC. - PUEBLO POWER PLANT,US,1.51,38.26662,-104.61508
Barre Generating Station,US,0.02,33.8073,-117.9833
COFFEYVILLE RESOURCES NITROGEN FERTILIZERS LLC,US,0.85,37.04536,-95.60517
COFFEYVILLE RESOURCES REFINING & MARKETING,US,0.85,37.047556,-95.606106
ILLINOIS CORN PROCESSING LLC,US,1.57,40.553402,-89.670052
PACIFIC ETHANOL STOCKTON LLC,US,0.89,37.9413,-121.3385
AFTON CHEMICAL CORP,US,5.93,38.60263,-90.1675
AFTON CHEMICAL CORP,US,5.93,38.60055,-90.1729
SOLVAY FLUORIDES LLC,US,3.23,38.59905,-90.12693
PRINCE AGRI PRODUCTS INC.,US,4.8,39.87955,-91.41335
AMEREN CORP GRAND TOWER POWER STATION,US,18.72,37.65835,-89.5114
AMEREN MISSOURI RUSH ISLAND ENERGY CENTER,US,0.16,38.1306,-90.2625
AMEREN MISSOURI MERAMEC ENERGY CENTER,US,2.56,38.40212,-90.335953
AMEREN MISSOURI SIOUX ENERGY CENTER,US,0.56,38.915021,-90.288875
Labadie,US,3.32,38.5583,-90.8361
Venice,US,30,38.6642,-90.1764
Sioux,US,2.54,38.9158,-90.2917
IATAN GENERATING STATION,US,0.41,39.447569,-94.979125
HAWTHORN GENERATING STATION,US,2.06,39.130833,-94.477778
NORTHEAST GENERATING STATION,US,12.36,39.123477,-94.559557
LAKE ROAD STATION,US,9.21,39.7253,-94.87576
Hawthorn Generating Station,US,2.06,39.1306,-94.4778
MGPI of Indiana. LLC,US,8.54,39.09997,-84.86134
GATEWAY TERMINALS LLC,US,4.14,38.590643,-90.191543
3P PROCESSING LLC,US,0.05,37.663308,-97.383225
OFS CS Lindsay Booster,US,0.28,34.8475694,-97.5629222
WATERFORD 1-3 COMPLEX,US,2.37,30.00052,-90.47687
ENTERGY LOUISIANA LLC - NINEMILE POINT PLANT,US,4.8,29.95083,-90.14139
BURAS,US,2.22,29.35777,-89.53824
Ouachita Plant,US,0.55,32.7056,-92.0697
Waterford 1 & 2,US,2.44,29.9994,-90.4758
Cecil Lynch,US,0.73,34.7535,-92.1987
Little Gypsy,US,2.4,30.0033,-90.4611
A B Paterson,US,1.28,30.0158,-90.0258
Monroe,US,29.84,32.5278,-92.1278
Entergy New Orleans. LLC Gas Business,US,2.45,29.979811,-90.079349
Sterlington,US,15.74,32.7047,-92.0792
St.Charles,US,2.4,30.004648,-90.464826
New Orleans Power Station,US,3.04,29.995372,-89.940301
GULF ISLAND SERVICES LLC,US,0.41,29.54405,-90.68954
GULF ISLAND FABRICATION LLC,US,0.01,29.54296,-90.69774
OHMSTEDE LTD,US,10.42,30.24515,-91.06321
CLEARWATER PAPER CORP,US,0.13,33.7065,-91.236
CLEARWATER PAPER CORP-PPD & CPD IDAHO,US,3.83,46.427,-116.967
CLEARWATER PAPER CORP-CYPRESS BEND MILL,US,0.13,33.70575,-91.24037
CLEARWATER PAPER CORP,US,3.83,46.427919,-116.967316
TETRA CHEMICALS,US,0.91,35.10773,-90.1902
AAON INC,US,2.53,36.126167,-96.015972
MUSKOGEE GENERATING STATION,US,4.12,35.76054,-95.28731
Muskogee,US,4.12,35.7617,-95.2847
Mustang,US,4.21,35.4711,-97.6733
PHILLIPS 66 PIPELINE-WICHITA FALLS PRODUCTS/CRUDE TERMINAL,US,0.43,33.930043,-98.500066
GULFMARK ENERGY INC,US,9.64,28.865351,-96.027449
AMERICAN ELECTRIC POWER VICTORIA POWER STATION,US,1.29,28.7891,-97.0106
Rio Grande,US,20.16,31.8047,-106.5472
Cholla,US,1.86,34.9394,-110.3033
PG&E GATEWAY GENERATING STATION,US,0.12,38.0167,-121.7592
PGE BEAVER PLANT & PORT WESTWARD PLANT,US,5.47,46.170703,-123.155248
Port Westward,US,4.6,46.1792,-123.1717
Beaver,US,5.47,46.172817,-123.17502
PGE T&D Facility,US,6.27,45.52,-122.66999
Coyote Springs Switchyard,US,6.27,45.52,-122.66999
SAFRAN CABIN MATERIALS LLC,US,6.47,48.185363,-117.040068
SAFRAN CABIN MATERIALS LLC,US,6.47,48.185363,-117.040068
PBG - WINNIPEG,CA,0.07,49.8939,-97.2139
The Pepsi Bottling Group-Delta,CA,1.09,49.1735,-122.9483
Pollard Banknote - Winnipeg Plant,CA,0.06,49.836582,-97.17232
,CA,5.88,50.3913,-105.5477
Oak 2-7,CA,1.75,56.4373,-120.6728
Sceptre Oil Battery 06-24,CA,9.62,53.067236,-115.038158
ST. ANDRE,CA,3.74,45.5653,-74.3361
Mitsue OB 14-30-72-04W5,CA,0.48,55.2656,-114.6078
Mitsue Sour GP 10-30-72-4W5,CA,0.48,55.2656,-114.6014
Gascan Mitsue OB 16-33-74-06W5,CA,0.27,55.4594,-114.8513
Mitsue WPlant 02/10-30-72-4W5,CA,0.47,55.26684,-114.60134
Doe River 14-31,CA,6.14,56.0694,-119.8772
BEACON HILL NORTH 13-23,CA,0.85,54.2945,-109.8083
VERO ROSEVEAR 03-19(06-18)-054-15W5,CA,1.61,53.6742,-116.2033
Bonavista 02/08-17-008-22W4,CA,5.13,49.647639,-112.94123
Delta,CA,1.9,49.1377,-123.0146
MIRAMICHI MARINE TERMINAL,CA,2.74,47.01878,-65.4857
ABB SI Beloeil,CA,0.17,45.594942,-73.227415
SARNIA,CA,3.16,42.6385,-82.4941
West Windsor Power,CA,0.86,42.2807,-83.0876
Parker Hannifin ECD,CA,0.01,49.83193,-97.1659
St Thomas - Valleyfield Warehouse,CA,0.1,45.2341,-74.0871
DIAGEO CANADA INC. - AMHERSTBURG,CA,0.78,42.1142,-83.1102
Prairie Green IWMF,CA,2.9,50.0047,-97.1307
TRÉFILERIE ET UMS(USINE DE MATÉRIEL DE SOUDURE),CA,0.73,45.5867,-73.4644
Vancouver acetylene plant,CA,2.39,49.2076,-123.11
Ogden Point Quarry,CA,0.84,43.9871,-77.8692
Suncor Energy Inc. Oil Sands,CA,6.52,57.0033,-111.4661
BLIND RIVER REFINERY,CA,8.46,46.1799,-83.0172
Elmworth Comp Stn 10-13 (NPRI),CA,0.33,55.0619,-119.3881
Elmworth Comp Stn 10-17,CA,0.44,55.0619,-119.337
Elmworth Comp Stn 10-35 (NPRI),CA,0.77,55.0183,-119.4136
Elmworth Comp Stn 08-13,CA,0.88,54.97245,-119.5292
Elmworth Comp Stn 15-03,CA,0.44,54.950802,-119.436852
Sousa Oil Battery 2 15-25,CA,0.57,58.7615,-118.6904
BEACON COLONY 01-13,CA,0.91,54.3564,-109.614
Beacon Hill North Comp Stn 13-23,CA,0.85,54.295838,-109.801643
ABGS0154260 / Pipestone South Gas Battery 14-17,CA,0.04,55.066983,-119.18593
Pipestone South Gas MWB 02-20-070-08W6,CA,0.05,55.0706,-119.1796
Winnipeg South,CA,0.23,49.82803,-97.17399
Winnipeg North,CA,0.02,49.90571,-97.19888
AJF Vancouver,CA,4.16,49.175261,-122.946648
AJF Northern Processing,CA,21.58,53.884552,-122.74691
AkzoNobel Wood Coatings (Winnipeg),CA,0.58,49.8421,-97.1732
Usine de Bécancour,CA,0.63,46.3841,-72.3735
BALL PACKAGING PRODUCTS CANADA CORP. RICHMOND,CA,1.5,49.1986,-123.0704
Usine de Tracy,CA,2.33,46.0287,-73.1346
Masson-Angers,CA,0.57,45.5503,-75.3867
New Westminster Plant,CA,3.44,49.22671,-122.87557
Pinto Oil SWB 16-31,CA,23.35,49.085731,-102.658563
General Dynamics OTS-Canada (Usine de Le Gardeur),CA,1.67,45.748609,-73.480763
Quaker Peterborough Plant,CA,6.63,44.307,-78.3154
Siemens Transformateurs Canada Inc.,CA,1.07,46.3319,-72.5614
Transcontinental Vancouver,CA,1.18,49.1636,-122.9659
SKBTB4L2215,CA,5.76,49.19145,-102.05912
Whitecap Grouard 02-13-075-15W5M,CA,0.41,55.49117,-116.1865
Whitecap Grouard 07-18-075-15W5M,CA,0.43,55.4947,-116.32
Kaybob Oil SWB 01-32-058-19W5,CA,0.4,54.052057,-116.779233
Karr 14-05-064-02W6 SWB (102/13-01),CA,1.31,54.51427,-118.267901
General Dynamic OTS-Canada Valleyfield Inc.,CA,1.28,45.2867,-74.0717
Thunder Bay Terminal,CA,5.32,48.371,-89.2456
Terrace Terminal,CA,0.84,54.513,-128.5803
International Paper Canadian Pulp Holdings ULC,CA,2.25,55.0712,-118.6912
SKBT0015054 (Tank),CA,16.87,52.931143,-109.887968
PEOC MANNVILLE 3-33-50-8,CA,12.88,53.351087,-111.11581
VANCOUVER INTERNATIONAL AIRPORT,CA,0.78,49.185,-123.169
VANCOUVER PAINT SHOP,CA,1.96,49.1929,-123.1666
Whitehorse International Airport,CA,1.97,60.7126,-135.0703
ARCELORMITTAL WINDSOR A DIVISION OF ARCELORMITTAL DOFASCO G.P.,CA,3.12,42.2605,-83.1002
Norman Wells Central Processing Facility,CA,6.14,65.2873,-126.8812
Morrisburg Plant,CA,4.64,44.9136,-75.1583
Veolia ES Canada Industrial Services Inc.,CA,2.32,42.34178,-82.18955
Rio Tinto Fer et Titane inc.- Complexe  de Sorel-Tracy,CA,0.31,46.0447,-73.1392
Rio Tinto Fer et Titane inc. - HAVRE-SAINT-PIERRE,CA,0.03,50.2435,-63.6064
Rio Tinto Fer et Titane inc.- Complexe  de Sorel-Tracy,CA,0.31,46.0447,-73.1392
Rio Tinto Fer et Titane inc. - HAVRE-SAINT-PIERRE,CA,0.03,50.2435,-63.6064
Rio Tinto Fer et Titane inc.- Complexe  de Sorel-Tracy,CA,0.31,46.0447,-73.1392
Rio Tinto Fer et Titane inc. - HAVRE-SAINT-PIERRE,CA,0.03,50.2435,-63.6064
MacKenzie Highway Station,CA,8.64,61.8617,-121.3476
Wrigley Station,CA,10.72,63.193922,-123.385895
KAMLOOPS TERMINAL,CA,18.48,50.6775,-120.2537
Hay River Terminal,CA,0.83,60.8244,-115.7775
TERRACE TERMINAL,CA,0.84,54.5142,-128.5801
Winnipeg Terminal,CA,1.02,49.98149,-97.0464
Sarnia Cogen Plant,CA,0.61,42.9586,-82.4146
Fort Saskatchewan Nitrogen Operations,CA,6.46,53.72539,-113.193
ArcelorMittal Contrecoeur Est,CA,3.05,45.833684,-73.261054
Hammond Division,CA,9.17,49.20494,-122.6529
Castlegar Sawmill,CA,30,49.33591,-117.72737
Grand Forks Sawmill,CA,13.39,49.02552,-118.4373
ALEXANDER BOOSTER,CA,0.73,54.4078,-110.3336
Enerchem Slave Lake 16-31-073-05W5,CA,0.31,55.37226,-114.74895
Nevis Gas Plant,CA,20.67,52.31287,-113.07678
Pipestone Compressor Station 08-15-070-08W6,CA,1.73,55.059763,-119.122519
VANCOUVER SILVERTREE DIVISION,CA,0.3,49.2049,-123.1223
Lindbergh Cavern,CA,2.59,53.8669,-110.6449
Mitsue FST,CA,0.53,55.2583,-114.5883
Usine de Beauharnois,CA,0.01,45.308622,-73.892269
Usine Alma,CA,1.61,48.5837,-71.6889
Installations Portuaires et Services Ferroviaires,CA,3.69,48.3335,-70.8784
Usine de Beauharnois,CA,0.01,45.308622,-73.892269
Usine Alma,CA,1.61,48.5837,-71.6889
Installations Portuaires et Services Ferroviaires,CA,3.69,48.3335,-70.8784
Usine de Beauharnois,CA,0.01,45.308622,-73.892269
Usine Alma,CA,1.61,48.5837,-71.6889
Installations Portuaires et Services Ferroviaires,CA,3.69,48.3335,-70.8784
Marten Hills Sour Gas Plant 12-18-076-25W4,CA,1.13,55.5856,-117.8916
North Tangleflags Facility,CA,1.57,53.506729,-109.567004
ATMORE 01-29,CA,0.37,54.8218,-112.5546
Mitsue Oil SWB 02-26-074-06W5,CA,0.31,55.4328,-114.8072
Akuinu 04-06,CA,1.45,54.7636,-114.3028
Ardmore 05-21,CA,0.73,54.3752,-110.4021
SMITH WEST 16-01,CA,0.6,55.1237,-114.1586
SPURFIELD 07-28,CA,1.16,55.1747,-114.2411
Smith West Sweet Gas Plant 09-01-071-02W5,CA,0.6,55.1214,-114.1591
SPUR 11-6-73-1W5,CA,0.36,55.2948,-114.1458
GRASSLAND 11-07,CA,0.57,54.7864,-112.7442
BLANCHETT 11-32,CA,1.01,56.8442,-113.3111
GOLD CREEK EAST 13-29,CA,1.61,54.8328,-118.5847
Charron Lake Compressor Station 15-01-069-16W4,CA,0.16,54.9492,-112.3047
JULY LAKE A-71-G,CA,1.48,59.6439,-120.6306
July Lake Comp Stn A-071-G,CA,1.48,59.6442,-120.6292
KIMEA C-86-H,CA,2.43,59.6556,-121.0731
Ferrier Sweet Gas Plant 01-20-039-07W5,CA,3.69,52.3663,-114.963
Eaglesham Sweet Gas Plant 02-14-077-25W5,CA,4.36,55.6669,-117.7616
Victor Sweet Gas Plant 06-17-071-01W5,CA,0.51,55.1456,-114.1189
NW Belloy (Dunvegan) Sour Gas Processing Plant 16-36-079-03W6,CA,11.05,55.895,-118.3175
KARR CREEK 03-10,CA,0.83,54.6908,-118.5228
MITSUE 11-15,CA,0.72,54.8873,-114.3739
Galloway Compressor Station 13-26-054-22W5,CA,2.29,53.6979,-117.1537
SKBTB4L2211 (Alameda East Oil Battery 05-13-003-02W2),CA,12.8,49.2082,-102.1605
Ardmore Compressor Station 03-01-063-03W4,CA,0.72,54.4143,-110.3263
NEVIS 06-22-039-22W4,CA,24.67,52.2802,-113.0602
PCP LINDBERGH 5P-33,CA,23.44,53.793,-110.5467
Nipisi Sweet Gas Plant 12-30-072-04W5,CA,0.47,55.2668,-114.613
Spurfield Compressor Station 07-28-071-02W5,CA,0.99,55.1772,-114.2441
MITSUE 7-28-71-2W5 CS 06-14,CA,0.65,55.2326,-114.2003
Bp Canada Energy Company CS 10-06,CA,0.48,54.508501,-111.200284
Dome Grassland 11-7,CA,0.57,54.786452,-112.743829
Teepee Compressor Station 11-04-074-05W6,CA,6.41,56.248929,-119.697231
WOODENHOUSE P30 16-29-086-23W4,CA,0.06,56.491748,-113.591036
WOODENHOUSE P32 09-32-086-23W4,CA,0.05,56.502587,-113.591036
WOODENHOUSE PAD 17 12-29-86-23W4,CA,0.01,56.488132,-113.610547
Wapiti Compressor Station 06-10-069-10W6,CA,0.48,54.958831,-119.438638
SEIBERT LAKE 15-19-063-08W4,CA,0.07,54.469572,-111.199843
WOODENHOUSE 01-29-086-23W4,CA,0.01,56.480909,-113.591036
WOODENHOUSE 04-29-086-23W4,CA,0.16,56.480906,-113.610547
WOODENHOUSE 100/06-20-086-23W400,CA,0.06,56.469887,-113.604044
WOODENHOUSE 102/06-29-086-23W4/00,CA,0.09,56.48452,-113.604044
WOODENHOUSE 11-17-086-23W4,CA,0.12,56.459048,-113.604044
Woodenhouse Bitumen Battery 11-20-086-23W4,CA,0.06,56.4735,-113.604044
Woodenhouse 11-29-86-23w4,CA,0.09,56.488134,-113.604043
WOODENHOUSE 13-29-86-23W4,CA,0.01,56.491745,-113.610547
WOODENHOUSE 2-17-086-23W4,CA,0.12,56.451822,-113.597541
WOODENHOUSE 2-5-87-23W4,CA,0.05,56.507779,-113.627983
WOODENHOUSE 9-20-086-23W4,CA,0.04,56.473502,-113.591036
Gold Creek Gas Battery 01-06-070-08W6,CA,1.03,55.027051,-119.198805
Woodenhouse Bitumen Battery 03-29-086-23W4,CA,0.14,56.480907,-113.604044
Steveville Compressor Station 06-07-022-12W4,CA,9.39,50.854042,-111.657756
Dunvegan Compressor Station 13-04-080-03W6,CA,11.2,55.910856,-118.414574
Ferrier Gas Battery 02-17-039-07W5,CA,2.9,52.350445,-114.970005
Mitsue Compressor Station 11-30-072-04W5,CA,0.47,55.266832,-114.607675
Smith Compressor Station 05-17-071-01W5,CA,0.53,55.14682,-114.12726
Smith Compressor Station 11-34-071-02W5,CA,0.81,55.1941,-114.223
Hudson Bay OSB,CA,2.42,52.822499,-102.362492
iLevel by Weyerhaeuser Vancouver Plant,CA,2.61,49.1638,-122.9464
NORTHWEST HARDWOODS,CA,0.88,49.1404,-123.0295
Grande Prairie Sawmill,CA,2.25,55.071,-118.689
Iroquois Falls Generating Station,CA,1.53,48.7696,-80.6669
Aerostructures Division,CA,2.69,49.15005,-122.94527
Akzo Nobel Pty Limited,AU,3.27,-27.51020813,153.0127106
ASSA ABLOY Australia,AU,3.28,-27.53444481,152.9911041
Emerald Rail Fuelling Facility,AU,0.35,-23.52722168,148.1533356
Hexham Train Support Facility,AU,2.33,-32.82321167,151.6807556
Rollingstock Maintenance Rockhampton,AU,0.89,-23.38720512,150.5171356
Buronga Hill Winery,AU,3.39,-34.15350342,142.1803589
Balgowan Oilfield,AU,2.49,-27.61163139,139.4727478
Butlers Oilfield,AU,0.22,-28.02107239,139.2775726
Christies Oilfield,AU,3.36,-27.88294983,139.3728943
Growler,AU,3.58,-27.55900002,139.5659943
Lycium,AU,2.65,-28.06461525,139.5386963
Snatcher,AU,1.12,-27.42900085,139.7120056
Stanleys,AU,0.51,-27.59300041,139.5059967
Windmill Oilfield,AU,1.77,-27.93468094,139.381546
in p/ship with Vacuum Oil Co. t/a CSR Emoleum,AU,8.16,-36.10695267,146.8901367
in p/ship with Vacuum Oil Co. t/a CSR Emoleum,AU,1.15,-36.35645294,145.3071747
Gibson Island,AU,3.48,-27.43388939,153.1239471
Longford,AU,4.63,-41.58903122,147.1160278
Nestle Beverages Smithtown,AU,1.24,-31.02117348,152.9413147
Uncle Tobys,AU,0.42,-36.01268005,146.4086609
Nestle Beverages Smithtown,AU,1.24,-31.02117348,152.9413147
Uncle Tobys,AU,0.42,-36.01268005,146.4086609
Nestle Beverages Smithtown,AU,1.24,-31.02117348,152.9413147
Uncle Tobys,AU,0.42,-36.01268005,146.4086609
Orora Beverage Cans,AU,7.28,-27.56230354,153.0052338
"Lytton"""",AU,1.75,-27.41007805,153.1552429"
Wilga Park Power Station,AU,1.59,-30.2140007,149.4029999
Lindemans Karadoc Winery,AU,5.77,-34.31955338,142.2730103
Patho landfill,AU,0.01,-36.06897354,144.4313965
CENTRAL POWER STATION,US,0.18,70.275827,-148.664928
BPXA GATHERING CENTER #3,US,1.36,70.283916,-148.683501
MARKHAM GAS PROCESSING PLANT,US,0.03,29.018056,-96.057778
NORTHWEST PIPELINE GP SUMAS C/S,US,6.65,49.001,-122.2214
TRANSCO STATION 30,US,0.04,29.27916,-96.28888
CAMDEN CNTY RESOURCE RECOVERY ASSOC,US,0.71,39.9094,-75.1167
Covanta WBH,US,0.64,36.13221,-96.01738
COVANTA PLYMOUTH RENEWABLE ENERGY LLC,US,3.07,40.09584,-75.31056
EXXONMOBIL PAULSBORO LUBE PLANT,US,0.03,39.829664,-75.254053
EXXON MOBIL CORP NASHVILLE TERMINAL,US,17.36,36.180906,-86.827665
EXXON MOBIL CORP MEMPHIS TERMINAL,US,4.97,35.120427,-90.077782
EXXONMOBIL ANCHORAGE TANK FARM,US,6.4,30.475226,-91.222063
LNVA-NORTH REGIONAL TREATMENT PLANT,US,0.76,30.063425,-94.061066
EXXONMOBIL OIL CORP ATWOOD TERMINAL,US,0.06,33.866683,-117.838515
EXXON MOBIL CORP SPOKANE TERMINAL,US,0.09,47.670062,-117.320917
BPXA GATHERING CENTER #1,US,0.28,70.306026,-148.729388
BPXA GATHERING CENTER #2,US,0.11,70.310918,-148.862927
EXXONMOBIL PAULSBORO LUBE PLANT,US,0.03,39.829664,-75.254053
EXXON MOBIL CORP NASHVILLE TERMINAL,US,17.36,36.180906,-86.827665
EXXON MOBIL CORP MEMPHIS TERMINAL,US,4.97,35.120427,-90.077782
EXXONMOBIL ANCHORAGE TANK FARM,US,6.4,30.475226,-91.222063
LNVA-NORTH REGIONAL TREATMENT PLANT,US,0.76,30.063425,-94.061066
EXXONMOBIL OIL CORP ATWOOD TERMINAL,US,0.06,33.866683,-117.838515
EXXON MOBIL CORP SPOKANE TERMINAL,US,0.09,47.670062,-117.320917
BPXA GATHERING CENTER #1,US,0.28,70.306026,-148.729388
BPXA GATHERING CENTER #2,US,0.11,70.310918,-148.862927
Antero Resources - 160 - Appalachian Basin (Utica),US,1.07,39.7541032,-105.0002242
Antero Midstream LLC- 160A Basin,US,1.07,39.752016,-105.000734
Antero Midstream LLC- 160 Basin,US,1.07,39.752016,-105.000734
Avista Corporation-WA,US,2.02,47.66,-117.39
Avista Corporation-OR,US,2.02,47.66,-117.39
Avista Corporation,US,2.02,47.66,-117.39
Black Dog,US,13.71,44.8108,-93.2501
PUBLIC SERVICE CO DENVER STEAM PLT,US,1.07,39.754103,-105.000224
Cherokee,US,0.93,39.8078,-104.9648
Equitable Gas Company (PA) dba Peoples,US,12.82,40.446485,-80.008193
EQT Production - Basin 160 - Appalachian,US,12.82,40.442188,-80.000854
EQT Production - Basin 160A - Appalachian Eastern Overthrust,US,12.82,40.442188,-80.000854
EQT Gathering. LLC - Basin 160 - Appalachian - GB,US,12.82,40.44221,-80.00077
EQT Production - Basin 160A - Appalachian Eastern Overthrust - GB,US,12.82,40.442188,-80.000854
EQT Gathering. LLC - Basin 160A - Appalachian Eastern Overthrust - GB,US,12.82,40.44221,-80.00077
Appalachian Facility,US,2.39,38.35082,-81.63328
TEXAS GAS TRANSMISSION - GREENVILLE STATION,US,2.64,33.392476,-91.017584
Texas Gas Transmission - Lake Cormorant Station,US,1.7,34.899192,-90.166389
Gulf South Pipeline - Sterlington Station,US,0.29,32.67155,-92.08936
Gulf South Pipeline - Tallulah Station,US,1.02,32.39598,-91.173699
Texas Gas Transmission - Isola Station,US,0.47,33.234785,-90.620417
Gulf South Pipeline - Marksville Station,US,0.04,31.1632,-92.2015
Texas Gas Transmission - Columbia Station,US,0.15,32.154474,-92.091272
Gulf South Pipeline - Rodrigue Station,US,6.37,30.058269,-91.118525
Texas Gas Transmission - Clarksdale Station,US,4.99,34.1960298,-90.6393702
Gulf South Pipeline - Arnaudville Station,US,3.75,30.41766,-91.89776
FOLGER COFFEE CO - GENTILLY PLANT,US,0.1,30.03322,-89.91021
Rio Bravo Generating Station,US,0.11,35.0442,-106.67
Burlington Generating Station,US,6.71,40.0753,-74.8781
Bethlehem Energy Center (Albany),US,2.05,42.5905,-73.7636
SNG Station 4020 Bear Creek Storage. LA,US,2.81,31.728614,-93.05762
SNG Station 5010 White Castle. LA,US,11.21,30.19714,-91.10277
TGP Station 40 Natchitoches. LA,US,2.81,31.728614,-93.05762
FLORIDA GAS TRANSMISSION COMPANY - PORT BARRE,US,8.56,30.54037,-91.86962
NGPL Station 342 Johnson's Bayou. LA,US,1.07,29.803589,-93.753746
KMTP Station 581 Markham. TX,US,0.61,28.99565,-96.15619
KH Coushatta Gas Treating Facility Coushatta. LA,US,0.59,32.111566,-93.4922
KH Plantation Central Gas Treating Facility Coushatta. LA,US,3.14,32.194066,-93.487309
KH Plantation South Gas Treating Facility Coushatta. LA,US,3.14,32.194063,-93.486667
TGP Station 114 Catlettsburg. KY,US,12.7,38.271667,-82.575
TGP Station 32 Jasper. TX,US,0.55,30.985025,-94.137507
TGP Station 827 Alexandria. LA,US,3.22,31.190566,-92.355996
Bobcat,US,2.26,30.54161,-91.91573
Dixon Springs,US,4.66,36.363596,-86.073483
Brownsville,US,0.57,25.946107,-97.42356
EQM Gathering Opco. LLC - Basin 160A - Appalachian Eastern Overthrust - GB,US,12.82,40.442188,-80.000854
Equitrans. LP - Transmission Pipeline,US,12.82,40.442188,-80.000854
OKC WASTE DISPOSAL /OKLAHOMA CITY LNDFLL,US,1.56,35.45087,-97.64588
Kyger Creek,US,9.33,38.9161,-82.1281
Southwestern,US,1.12,35.1009,-98.3524
Tulsa,US,3.38,36.1125,-95.9917
Big Sandy,US,22.69,38.1707,-82.6176
Arsenal Hill Power Plant,US,1.89,32.5181,-93.7611
Lieberman Power Plant,US,3.05,32.7047,-93.9597
Weleetka Power Station,US,7.85,35.3246,-96.136
Barry,US,3.32,31.0069,-88.0103
Gorgas,US,24.81,33.6446,-87.2003
SNG Station 5110 Toca. LA,US,0.24,29.867382,-89.830553
SNG Station 5000 Shadyside. LA,US,3.79,29.728308,-91.416658
Wisconsin Public Service Corporation,US,3.03,44.518347,-88.011616
Rothschild Biomass Cogeneration Plant,US,11.8,44.888355,-89.625821
EP Minerals. LLC,US,0.19,43.94974,-117.372147